0.0,179.82015901024192,101.22147714392992
1.0,-716.2791352046088,231.69743935125348
1.0,31.545608615132096,-617.0651307212769
0.0,43.908924743268116,160.35144273108662
1.0,-184.61757482404016,-609.4525733147993
1.0,287.13634821371784,477.94759847965133
0.0,-236.76908845098257,189.29634950397784
1.0,163.9766793318181,-449.3244302539716
1.0,-685.3717288298628,100.65345929456589
0.0,48.872004635685435,155.47412971648342
1.0,150.34547417085219,-234.12462873507604
1.0,-743.2885938268623,585.8842159988608
0.0,238.68981602853154,-142.7766692169722
1.0,-504.33832408809343,-387.7173811835071
1.0,506.0539089664144,-120.94525256875772
0.0,238.98093242648733,-159.57074795293923
1.0,968.9632216713137,-337.90398905203585
1.0,87.79373657713381,-450.3274743074121
0.0,100.04166239346812,-73.68007085517982
1.0,376.14524165211674,-559.960778553195
1.0,228.974768215229,313.31986132782004
0.0,102.27752106686964,-73.69154275318758
1.0,-385.1845661584381,319.82363637635945
1.0,961.7983108890191,42.71283757758147
0.0,103.0279529340123,-60.84206946491095
1.0,330.14913448017137,-172.51046075816691
1.0,430.6081957926865,-637.0565965619696
0.0,48.71169210272811,166.80498739820155
1.0,-152.31591630238177,-661.2565977249063
1.0,66.50743728879979,-35.13661274491335
0.0,203.50597541952303,196.84774501939503
1.0,-88.88067818326874,904.6050688950136
1.0,91.8199368230944,433.2885609090972
0.0,49.51105510525711,151.83049370943414
1.0,-47.040543745539026,-470.3642853555443
1.0,48.82402702994136,-154.49139526792385
0.0,-232.15634382110255,199.12437895941886
1.0,819.061011475631,457.69788984396064
1.0,50.03770686798612,-799.6525572204241
0.0,250.1112002856494,-147.90622980557532
1.0,279.2876141376455,-36.412292848992934
1.0,-694.9196515075289,575.0909368121961
0.0,39.16246665838378,150.49973046585
1.0,476.7757415592773,547.9210015741655
1.0,52.06132873440606,-249.76194740580547
0.0,45.295531035253624,162.60791169493592
1.0,910.5310136844244,27.785249646363354
1.0,-638.7073194824238,402.7658181053289
0.0,103.18267890213328,-77.9585776489874
1.0,49.291452089679524,-998.7354831562518
1.0,358.2429480138576,21.687415026866688
0.0,239.439107896821,-161.8321321734898
1.0,-661.3741571092726,188.4179289452013
1.0,-296.491627373568,-520.1792241278317
0.0,-234.89783440633576,199.28399840253147
1.0,346.49508914376634,915.8649531773128
1.0,871.6713670456504,-196.69031370880248
0.0,-229.46193712085594,181.81371896925202
1.0,27.587860242409988,-982.2416071487845
1.0,448.40698372719726,170.25845233769974
0.0,95.12184541003501,-62.62553730272435
1.0,348.39303183617744,-379.9724539760356
1.0,-520.4623353679206,-480.0369071019808
0.0,236.81994630811346,-142.28685452126288
1.0,-20.181529092920186,238.84689576542723
1.0,14.509157549179577,-428.5065270874011
0.0,252.43347789345052,-157.61598143883768
1.0,-17.77483580226226,-634.4452856558014
1.0,453.3151319442145,552.9644133173517
0.0,201.80160677099414,198.9665900383259
1.0,368.6227066111978,-766.2747148409354
1.0,437.4372560617105,-988.2140553019141
0.0,-38.3313959508038,212.35533618769404
1.0,-995.3002769301138,415.0607895000346
1.0,882.2676069368958,662.7481177902623
0.0,-221.73188368075049,181.57347496069804
1.0,253.49137847025054,48.00464604489321
1.0,-508.2766704146535,-104.5288794012697
0.0,-236.91105272144313,199.47356544044976
1.0,-234.82874522513782,-719.6539295760887
1.0,59.299968934768685,-531.6741211231813
0.0,-239.74808803107305,199.18362470982754
1.0,-443.37074883064156,-104.11581029890101
1.0,-732.5622210708868,-180.4672085438375
0.0,110.93957327690146,-58.546933156251995
1.0,460.3584709525587,-767.5850658112378
1.0,348.83197717225835,497.6284409052264
0.0,233.95857655837486,-153.6240310569328
1.0,876.3469037149387,665.636443072546
1.0,-989.2610226447696,-22.681346901216102
0.0,-224.90938981206924,197.4164636785739
1.0,328.06525918195985,626.773422586042
1.0,-843.9864737010752,527.1204189430941
0.0,-37.56687717094379,211.02077977793417
1.0,-798.0095155189588,-397.4318771366792
1.0,-469.7872661952547,895.8064177490548
0.0,-231.98012287050807,185.25285249718956
1.0,635.604088665403,698.4179480240834
1.0,696.4730195653378,-750.7212331674475
0.0,-50.24091478348006,212.08186545261984
1.0,343.52298847883594,462.6753025237099
1.0,-682.4647734322677,294.265408892878
0.0,180.0810593856632,111.76737248751733
1.0,-637.0280347350379,221.6263157096123
1.0,374.83339499389854,688.2492158952157
0.0,-34.5036902876775,207.78466436820293
1.0,-689.2758357062536,878.5594206382534
1.0,146.69443493115818,-33.36869250726295
0.0,-220.1223203622275,185.9042635002434
1.0,950.6417780113889,-395.67894723433733
1.0,558.9890028730608,807.4148584680838
0.0,95.55071372250666,-74.56373787047379
1.0,-300.3694809869188,668.0690597937903
1.0,130.7141982044834,789.7533849495949
0.0,188.85292408105755,185.327755366392
1.0,977.8192584981316,-798.8085673339323
1.0,-812.3657455487046,698.9098642624265
0.0,246.18570295010574,-155.00460316170245
1.0,-53.34515557833504,-970.6703037944395
1.0,-835.0865186733396,-607.886187486357
0.0,34.49425909227193,165.97952245897267
1.0,-322.47087962836395,124.9496336661316
1.0,-28.08970035334073,-727.6390061450497
0.0,233.96535229031173,-161.7154361448945
1.0,-653.0103944924958,838.8391212211902
1.0,438.25699725335517,-26.047492310347934
0.0,242.75326154880636,-147.29374452039715
1.0,-499.28897507429457,280.185482235996
1.0,759.3736220350088,-529.6907795808612
0.0,204.8713073614102,189.71442617434943
1.0,-917.159739394078,20.215995593279217
1.0,-478.976923424766,663.2714806696636
0.0,187.5427389751355,183.85642608471733
1.0,-517.9201371002622,146.3595574700771
1.0,-333.9775408363979,-478.85839203395244
0.0,201.17790886350969,189.29179474085666
1.0,-791.7518823809276,142.87413420227472
1.0,-77.69939623038272,473.7518360358804
0.0,201.39576061463737,189.3749836506148
1.0,506.45750381935,-670.6216785093795
1.0,-639.6287105268859,-386.99824600979355
0.0,-38.62529630602188,209.1021483645139
1.0,231.39758874295353,880.2405193594527
1.0,722.5273683320372,-146.5419340956986
0.0,39.23476405916103,164.54409520050842
1.0,275.646135270262,-369.75412158793347
1.0,965.1183924569993,23.42318260574848
0.0,-224.79572737004645,183.59804272423105
1.0,-744.9556005471732,788.2909585460488
1.0,-188.42745107767848,471.5891210632467
0.0,109.67474801430917,-60.21808059622332
1.0,545.5239949013855,-261.7013318684935
1.0,311.2195125950923,558.2967603371951
0.0,183.7516387733296,98.65941071368432
1.0,-191.3033964973481,-551.0597437310631
1.0,678.86170809282,963.8570602703658
0.0,177.7552765527613,103.79135923854386
1.0,796.4169620506557,-748.0682314429719
0.0,189.71463813244236,194.70525150034518
0.0,251.39162103843418,-154.58929550311413
1.0,-521.545462570894,293.1734475718995
1.0,359.3909561449618,-781.1432897136692
0.0,94.12479706591043,-62.33587497650691
1.0,66.93979763564903,898.6672749966085
1.0,562.7668066278281,505.01142663507676
0.0,-37.45855207186326,218.0314278320833
1.0,922.0912805333564,-952.1700549768655
1.0,652.7691835304729,466.3489401168147
0.0,-35.06053045618691,206.1063305669966
1.0,-949.1112644389685,-852.0545715924848
1.0,238.52999340095357,-527.9627708631483
0.0,32.405690279073966,167.99161110312124
1.0,-837.7843889739609,-112.06995217583767
1.0,132.2965773563053,130.1709297167822
0.0,193.29942269224975,187.58904897735437
1.0,-712.2995555142539,341.91399091838844
1.0,-343.207627555671,-8.081955490795167
0.0,103.96786172281725,-59.56513789330219
1.0,-668.8315115244741,-913.6724271967851
1.0,828.1393658864547,498.9238186166763
0.0,43.65282742089376,156.05610119457126
1.0,-588.129555219135,289.00757313020154
1.0,381.32273537705214,945.2452785433545
0.0,-235.98301445417968,184.3523104219416
1.0,-725.7625044718388,702.2561339908036
1.0,-803.5482570946457,-574.8242846130461
0.0,-226.53714345218756,186.63741333653056
1.0,688.3234641963077,-193.66662233442923
1.0,379.3885663880724,570.3392504479602
0.0,182.23453860593222,114.95863175388236
1.0,-984.8744822293609,725.9288907478547
1.0,918.9889198948035,583.1070593914199
0.0,101.2417727776362,-61.81722834869716
1.0,253.29321791917664,-587.4810890634335
1.0,984.3583224592453,-685.87087299975
0.0,245.9481316703973,-158.0531554102833
1.0,-357.73447431394106,-27.754843024782758
1.0,596.5542342587103,990.5542314646109
0.0,-33.71593517495927,214.9126827302037
1.0,855.9098636373838,651.8765601950563
1.0,-611.1006897455879,387.4491648339108
0.0,112.54823441567189,-70.77271311798114
1.0,-924.4710742149234,-741.8659722949624
1.0,-142.4462399654667,-370.5333190703843
0.0,247.5554932010709,-158.14221830286888
1.0,-276.8183277171157,-990.0874807873507
1.0,-831.9820959328481,445.0899827965459
0.0,103.78220344068808,-63.38585474279536
1.0,-808.0671425566773,638.8440067397905
1.0,-770.1043641038352,798.2115302463287
0.0,48.21619489775226,160.29130145266998
1.0,-685.0878835143103,846.175563559711
1.0,-22.651030811735154,582.43644411215
0.0,184.58608918497455,105.17774657310889
1.0,893.6621102207791,-460.94070502271234
1.0,-936.3484654018444,-255.28819749904392
0.0,50.62976864519024,151.7349945507181
1.0,-411.439922088991,537.0626740607136
1.0,228.32797876467907,962.7232987102761
0.0,-224.83203699288595,181.29720269270982
1.0,512.2450802679907,-812.029263574381
1.0,696.4071204623631,936.8795526395434
0.0,191.07496981287198,199.7775516378291
1.0,-70.1804679354268,941.8035067013225
1.0,-910.3421453617555,47.05799655225883
0.0,105.72967198922257,-75.34347119576127
1.0,855.6600646950033,-470.51568786095913
1.0,-329.38542263629506,360.00854435407473
0.0,-40.38634749992191,209.50380560173917
1.0,813.2618399191097,-821.949393997188
1.0,746.1949283092101,-569.0126323250182
0.0,-226.1124565563243,188.271531260053
1.0,-474.05397700968456,-779.1029007385883
1.0,105.59049572981303,-117.76690892779084
0.0,94.98885237718055,-62.52772932384333
1.0,-727.3969179243932,-394.60525761175575
1.0,551.1449302999222,998.38626610657
0.0,-43.9893508008892,216.9988827657526
1.0,-366.0444601808441,950.8693137553707
1.0,-641.968621214537,-60.697879247439346
0.0,191.72360548569338,97.38158403723406
1.0,436.7061601071907,-6.937317918244844
1.0,686.1589225031862,413.75002738313174
0.0,104.30872870301138,-72.66399892256192
1.0,-812.7844278399898,-202.52340046258507
1.0,-955.4656007123967,-372.3982378094861
0.0,-235.0366950694508,183.23408497179943
1.0,274.3177367304627,-828.908331775972
1.0,-990.7145266903299,392.52021261754953
0.0,98.86429560833409,-74.3500460341338
1.0,806.531560930084,-27.920772007323535
1.0,61.68372598311316,987.4487006412874
0.0,113.89912851235567,-77.06886614945375
1.0,440.46335703932687,-468.07070393332447
1.0,226.2664556922341,30.398940252868897
0.0,192.84146592769898,191.23926670472764
1.0,126.53714696446013,91.54374852226192
1.0,279.4067376901644,352.2307455561429
0.0,32.273426376867604,162.42418500154446
1.0,8.78570006732707,551.2294077814627
1.0,-559.7523693658889,67.1216786562245
0.0,-239.4007519045923,195.94441266268075
1.0,-683.9908910931929,-392.9007377942528
1.0,169.74552454580999,-134.41953178536244
0.0,249.46476906616434,-150.44034154572807
1.0,-902.1400575972577,233.75996544327973
1.0,777.7905745176395,-330.99552418758526
0.0,-229.95241275551706,181.41461150511185
1.0,853.6895483395367,-389.17276463505664
1.0,-698.5675074349081,662.0885493956366
0.0,106.58982867922758,-70.66646602417343
1.0,823.1044166978611,-570.5589339395299
1.0,-374.3613993767059,-873.8757318361708
0.0,233.36316954328532,-152.88066370658103
1.0,-847.427790959077,438.1303330119267
1.0,-174.3595291952305,293.4652553634521
0.0,187.48112630192978,114.37240165647135
1.0,-887.3251396537636,964.3547376809543
1.0,-136.769349319281,-504.6649010751112
0.0,186.4953350531005,101.1674534230147
1.0,192.97014874799743,485.90619707546625
1.0,204.3208140080926,979.038873908624
0.0,-39.459705998806825,200.92519515913511
1.0,905.1806316727595,932.7162691403369
1.0,-462.1712580028776,-236.0240371536828
0.0,-46.1096519465564,219.16132452199426
1.0,671.1107621243425,284.53941819103557
1.0,969.9401886303772,-857.6405431642777
0.0,-222.78044440554052,190.34655264552418
1.0,-199.3471787008541,-385.29224397156406
1.0,-874.6081993310064,-764.0472914135016
0.0,-231.12511384813652,189.75144774911018
1.0,371.11001146018884,-822.9814832897815
1.0,85.94495770849221,-279.68062662862667
0.0,182.7192504342621,109.21511819793373
1.0,705.8936840402009,559.5504770607977
1.0,-997.4123239267785,-857.3151994297157
0.0,37.77867534471693,164.39269530598432
1.0,852.3576855253575,-419.06870143293554
1.0,-92.27360008718108,-13.935323275838755
0.0,33.54594430690628,165.00945767283622
1.0,676.3771211292567,42.76889438696844
1.0,-305.66825417989367,252.74340656151162
0.0,112.16639009859908,-75.28892877576176
1.0,-180.55951472132597,266.13901343122393
1.0,-402.1557800050699,542.3239526847035
0.0,238.30144373803623,-154.00335636612567
1.0,759.563505119015,-468.1047153085731
1.0,-321.36704574691885,-951.5767021805594
0.0,105.22600034456421,-76.23640162545469
1.0,-174.0372712558476,881.0791584207557
1.0,-613.5735032657344,-184.32293238765385
0.0,176.80405365921843,111.71011930293118
1.0,427.8114167867243,882.0496239625002
1.0,265.8721647778416,774.9904602366246
0.0,193.61181161916318,115.10049687413763
1.0,219.5074607778845,-209.79237777244703
1.0,-118.62207667159089,132.43297463020417
0.0,177.47742943358546,98.91111980450574
1.0,997.561261997525,-871.9756727588441
1.0,-864.3153943953749,617.5843231385161
0.0,-226.25390406502558,182.4932297605641
1.0,-759.8652390891716,-695.7633356651762
1.0,650.1199279364944,-48.300932909455696
0.0,40.48706705345947,163.0622565026026
1.0,-482.45127019244865,431.28671101313057
1.0,-736.0074933771348,-359.86986069380157
0.0,104.90190355537109,-69.15178940326592
1.0,768.8614491621727,170.3635670815661
1.0,711.1201858069364,-726.7106842451674
0.0,100.05347118733545,-68.2714355284367
1.0,95.38887201282796,799.4722922174844
1.0,209.8161131363454,-815.3348565626836
0.0,112.14509888937101,-58.740051774393635
1.0,-383.23051863113915,547.7299782703415
1.0,100.88904877512823,358.0930787830705
0.0,104.82250436838058,-76.96181591078724
1.0,-635.256074828916,496.2162409082068
1.0,232.82650090627658,283.2863874003542
0.0,41.42298846813236,154.62882997439044
1.0,405.9555067297572,920.067946855721
1.0,-913.7189410203113,725.9800491876649
0.0,-226.89162937210884,186.0348954255973
1.0,205.09216790540427,-799.6502368085889
1.0,-762.6085233778476,-409.32985847018097
0.0,41.76515745119261,161.8420999754626
1.0,-8.740544535428285,-685.9281420777314
1.0,-763.0023405278728,-737.0505207217818
0.0,179.58925848452589,106.67693216615005
1.0,106.4518216363424,-162.74215511388763
1.0,242.06016203436184,-385.89795792322354
0.0,37.48251966445255,157.82781826636298
1.0,-11.666963427422957,274.9408335618957
1.0,444.48604886030466,-643.9618577501598
0.0,178.8224272435527,115.04669190456895
1.0,-680.4596771905211,-748.4800555640279
1.0,906.0062099717641,-106.189175692748
0.0,177.99777679474118,113.74842298727687
1.0,-797.5354211894954,-303.90633216853826
1.0,-397.1875546126737,-275.59441810760757
0.0,-45.772955687204586,214.1754213255074
1.0,678.9557918702151,-727.9268780460179
1.0,472.0197621094644,-412.1608904508023
0.0,40.332103658306835,157.05136366844724
1.0,-409.6766671230554,-337.39725698431334
1.0,46.92626912073979,-926.6421577318365
0.0,204.93621858464786,191.23076908761686
1.0,142.76679230294235,-820.7535427520886
1.0,490.53481030551166,865.3683886633066
0.0,242.00115012017017,-154.80945801284963
1.0,-137.02827656817897,-233.38241134280918
1.0,-98.19025351201844,263.0219310280015
0.0,-224.2765279285094,185.2387415129574
1.0,854.6238349416985,-223.4121741370883
1.0,491.9065659918688,-89.7272251131094
0.0,39.6124013994011,149.69333716965363
1.0,-635.7887619932317,145.71972377776933
1.0,31.980193755616938,793.7151035423535
0.0,189.00517884839758,105.16776893603046
1.0,-728.181529288599,850.6747409741013
1.0,299.04453539078804,-133.88433397848826
0.0,37.88118873952759,161.04844682467788
1.0,-326.6394485677289,621.6633503237601
1.0,674.0349342544275,407.242067653244
0.0,251.85746707272085,-147.34735192885833
1.0,-6.146808266785229,801.5084425680457
1.0,-690.1641795186601,735.8581396358534
0.0,-226.55739454468073,186.77382827418688
1.0,-994.630866555299,-458.3908974559994
1.0,-386.3345714974382,-939.4346132937021
0.0,35.98994854577916,149.62116341176767
1.0,821.0051643561139,-741.4807251564889
1.0,706.3250328790282,29.22484661362978
0.0,247.47872684526925,-144.18228056652933
1.0,-226.3454587070064,922.391136019902
1.0,-76.13463296781345,895.4013761909496
0.0,-234.64781126495004,185.09089347425902
1.0,-980.8307064384807,-572.8289972365912
1.0,547.0864940170488,90.0528076245023
0.0,-235.3619851467231,200.85916997205874
1.0,848.8909052967294,332.07729133825615
1.0,-457.3549322106294,764.333372456272
0.0,-232.80419096554513,198.7334720263013
1.0,-698.9122905239351,-192.50756004457446
1.0,-97.5465247374459,-537.284933126479
0.0,101.4574836170065,-73.63468198740823
1.0,-233.1638569011676,-166.57407828871123
1.0,709.4948887026126,-815.3194816958828
0.0,41.88607056317025,159.2919643560651
1.0,377.9785881748969,-184.09084151609625
1.0,357.51812763050384,-373.102069765072
0.0,186.43140925971474,102.41790849387831
1.0,985.9514540846576,-153.0165441924221
1.0,-394.3415433695603,-950.8660276382636
0.0,-33.41681457936596,213.37807084825056
1.0,216.39951255013716,-340.47967105682983
1.0,-349.0860994359082,907.1218961300785
0.0,248.88150012203693,-147.71840537520092
1.0,917.794600605838,282.64888970502943
1.0,805.8310151647665,-340.3424719297583
0.0,184.07208406128854,100.47175295780195
1.0,-86.37196100048698,-289.44019963994333
1.0,825.0420898727959,965.3503545667479
0.0,248.88979185242832,-144.0961451586867
1.0,-875.266106640076,-903.4440839853232
1.0,-821.9909827574486,728.3504394790807
0.0,97.58151095158345,-72.13635739059393
1.0,-415.05749551237136,-463.0358041957687
1.0,470.43935971831206,616.795493080619
0.0,-236.77068091344435,199.70854410936374
1.0,-362.8270111438054,-480.1239720256027
1.0,380.358336363794,-19.94150427191994
0.0,175.2380771015378,106.04793815004277
1.0,847.3974625047281,-19.09631368002306
1.0,-770.3544890000346,8.806145010843693
0.0,-48.36376437587451,210.06879762922412
1.0,176.07097911570986,-192.19029123036898
1.0,-641.150111662195,791.149278547269
0.0,104.33171300860323,-70.86300959801311
1.0,79.40083096452008,921.681631399663
1.0,768.0953103056097,-729.9251704131144
0.0,47.18083488109616,167.6393066255113
1.0,482.17672194584793,-565.7347620382798
1.0,-498.68597639543856,-462.7957539232899
0.0,192.12423541340513,181.92713841835587
1.0,424.9472107246745,945.9987633065425
1.0,465.89507016191897,410.60696556226935
0.0,235.50435422694744,-144.6934717752647
1.0,-842.4289463363581,842.9717593016735
1.0,211.65933030960036,-882.8722095755752
0.0,242.38077796766325,-159.83170688934413
1.0,-473.6367161852386,428.7858440885525
1.0,-680.4551256510299,-660.4854361990278
0.0,48.70152144118473,152.55804479713677
1.0,855.6274724713135,905.8896972103967
1.0,305.2021968698514,734.5357294021278
0.0,33.86791214317241,160.87921379901437
1.0,462.63063842494785,-363.14433077985257
1.0,919.1058132822977,878.0613980595192
0.0,50.47023348864609,160.70874051009793
1.0,413.26281691457166,-216.76735265835202
1.0,518.8671980109432,-778.3596165822133
0.0,193.34225242319985,97.71114694258036
1.0,523.6467904544829,-849.5127848002273
1.0,126.70485816569771,-281.0107688258528
0.0,42.33899175937253,156.06011420758028
1.0,349.7894141339591,51.28909707006733
1.0,-416.17669101934405,869.2814507043404
0.0,180.80424603195013,97.93301852170151
1.0,593.3169091897489,962.6489647438104
1.0,-510.43356953290254,-987.4737831130176
0.0,244.89593017074822,-143.00748097291324
1.0,-138.58683431953864,517.5051236488712
1.0,467.31967918813507,956.2590671529449
0.0,193.93117562936533,186.61482563087742
1.0,-241.76016180657052,509.5558047316647
1.0,573.5948207945573,-874.3651829376855
0.0,176.39882617650565,111.88939104994324
1.0,381.69499568041624,-721.3926386436789
0.0,88.02043513535227,-95.84164306735454
0.0,246.86810903809084,-149.6141701651518
1.0,-160.20111662995726,-622.7525386341495
1.0,874.3280025981828,704.989032724972
0.0,42.20075340505452,166.92202734532887
1.0,-806.0820135921491,991.1268968886177
1.0,-627.5625764598227,762.3715081835242
0.0,203.3936372276582,192.36039276838463
1.0,157.38138359573395,226.07245036667064
1.0,-671.9635280057178,624.033209368092
0.0,51.24827491947576,162.89866516858135
1.0,-343.4674932682302,405.8438226172814
1.0,-227.88849185452273,-543.426946089018
0.0,179.3325180452085,106.85313595672545
1.0,-440.1864781886924,495.8392179213736
1.0,-930.1945678499358,-330.74168101045086
0.0,96.45832562492728,-68.4727946302609
1.0,-741.9063213044357,-600.4917191945144
1.0,-346.5356692299059,-679.1723700523025
0.0,187.5489707356287,186.85428194125066
1.0,701.6446099740701,348.58780583949397
1.0,289.70957497771406,742.5357928586968
0.0,96.3923864840443,-77.04767972630869
1.0,-805.6309698203223,-686.5531066441276
1.0,-356.0962098749476,647.4309403297393
0.0,50.920187350749906,150.67638481320085
1.0,-519.8250160575712,343.6519400677405
1.0,-69.68548427356393,-198.64943124163915
0.0,45.75033033039614,157.9534239333519
1.0,877.2823265432339,-326.2944284639833
1.0,107.51505872102848,738.4124945001445
0.0,-49.43075947418106,201.38131169191416
1.0,702.7733945917068,713.6901056150484
1.0,-383.24782948905795,-907.6606847418882
0.0,111.27125961999542,-60.90599184922034
1.0,683.5216817928163,661.8844153835228
1.0,368.97135907263305,-351.2887965278202
0.0,46.159994484621784,162.58490879971114
1.0,404.18128913836586,251.56220928391508
1.0,-957.7951966823879,116.8144658617548
0.0,195.3803653259748,188.36821610239653
1.0,-360.53491754801837,-849.8298226016257
1.0,-749.5980678856056,-814.2528841985137
0.0,-39.00169026167106,206.47677904450043
1.0,-808.8937438089982,-398.5287867004945
1.0,501.24765549078097,-287.70976156375184
0.0,94.2584958425841,-58.437346210962716
1.0,-765.5516372215814,-886.117101952185
1.0,200.35184098417835,415.17812665913266
0.0,180.66346000230396,98.3055870758166
1.0,-152.48109204823913,-700.8291968153477
1.0,-700.6206644322783,-559.5259120444996
0.0,103.05959256124164,-68.47016874832305
1.0,33.58982100193339,929.6714629230537
1.0,-583.1327528236194,-568.2840839006402
0.0,-220.44782869386182,196.18623760176243
1.0,-27.757884276184313,497.18793951318685
1.0,650.9894869405728,901.1998946077038
0.0,239.07126542924732,-160.69601180144173
1.0,-131.93192865429376,363.23493402355734
1.0,-874.4951050059315,-444.9643274342567
0.0,175.43038715845964,107.48786222647122
1.0,-363.3845237854332,38.262499679036864
1.0,528.4450957319107,-122.341782369096
0.0,108.90723627802726,-58.776529962601366
1.0,-167.1959772880889,-649.0559851907693
1.0,606.4257669792144,-435.53130587929184
0.0,245.3016504552363,-142.53639518987495
1.0,634.5361357222082,-708.0266817156107
1.0,263.26420707831085,152.4571432627033
0.0,48.42299674286733,159.75886183194746
1.0,28.381951365884106,73.70354392776267
1.0,364.9787339583829,-662.2479195142466
0.0,194.22430434556918,193.89767815501716
1.0,-964.0445837246912,161.69966986249187
1.0,417.46098676846145,-978.2267326041672
0.0,235.50296213216978,-160.03615706891833
1.0,434.64571956726945,-807.2201174760892
1.0,754.2087684456576,610.0988019001295
0.0,36.27669097289458,149.59114462346045
1.0,671.0481372049524,-797.7705345757724
1.0,590.6294321285684,659.5398207831679
0.0,97.62066972680029,-58.2007468676488
1.0,-133.70011779007496,-974.8633194149501
1.0,346.6152882142585,214.96528985489886
0.0,205.5705278090034,190.019127111935
1.0,918.1811487681734,39.914000112240956
1.0,-827.1677521044703,619.4615726688489
0.0,-43.557317678205074,212.3557147343675
1.0,104.3155655950859,893.3106137685936
1.0,-222.94987192486167,-853.3191229719268
0.0,190.4813319989284,191.07341604331182
1.0,826.3014333832596,-172.54081672025336
1.0,587.8407859069039,-75.6861235290886
0.0,110.12369596223996,-68.72226365478267
1.0,-640.1411415393707,185.69972935885062
1.0,-611.0470890393244,-282.9154946380321
0.0,250.5566215856581,-150.72071873713978
1.0,320.8113819953478,181.5369388005049
1.0,-733.3420982841557,-427.534178884035
0.0,101.63812386506062,-61.16495171895605
1.0,502.77192822179313,-613.1246523635739
1.0,-195.29426462284175,-131.79339396297985
0.0,180.34152586783085,97.91314863055588
1.0,-783.4743164921427,-888.757917859232
1.0,110.72931460184623,243.02369771660278
0.0,195.11050406569947,181.86163023770587
1.0,440.02340841721957,-773.4880482757383
1.0,-450.9879874344209,423.933816739901
0.0,-235.03391622873977,187.04079546857523
1.0,237.4793254425001,-410.74866925155095
1.0,373.6313564366653,449.55017713140455
0.0,110.69228164897336,-59.16931238496609
0.0,-218.20988824980486,199.68721384460287
1.0,-757.620753384862,-662.4356951411689
0.0,195.74882445983565,189.76723605731158
1.0,-943.6102931353345,246.8631119345032
1.0,-778.3079285252013,-420.080940568281
0.0,190.62100388917196,102.0037999702263
1.0,-488.66026506299585,-924.3980266115009
1.0,69.1577061659982,489.49205601325775
0.0,-233.37027383027592,181.81604109845114
1.0,720.2194780673888,-272.5356938055386
1.0,335.6776699679724,-564.6773634985807
0.0,32.08593141505885,166.43175266139224
1.0,-1.5401439932655876,-588.2824278677788
1.0,830.1402768865639,835.181775541846
0.0,240.19357884544246,-161.39708207105846
1.0,-554.8718936353912,-286.44691103127195
1.0,699.7497556908565,172.35648519309007
0.0,243.6471837507444,-148.34919816119952
1.0,-583.8735004158491,324.7496473240592
1.0,696.6040681129505,287.6493406515133
0.0,188.48315145763436,114.93486459765205
1.0,78.4934221661174,92.50945688564207
1.0,-508.7571471196681,386.1290678203852
0.0,112.76997928840927,-59.803660767992035
1.0,-935.6444736037182,-203.93992216827314
1.0,-970.5775454069944,97.97476471679784
0.0,186.41799402918318,116.68103173256962
1.0,-382.03166974671365,317.811737704048
1.0,-507.5845010692881,509.71102679830597
0.0,174.6103670964862,97.43276065557129
1.0,-609.3664916333479,799.3637679556518
1.0,769.6984433775137,410.38603073606896
0.0,43.506212255455225,158.64357114027695
1.0,231.09056849142576,224.2662541585089
1.0,-401.23402687479984,442.10345459385485
0.0,250.5167947492754,-146.980373526974
1.0,-614.3378586629908,-738.2309565692647
1.0,-698.7126917492272,792.2105769668851
0.0,203.05170609717982,186.85105041324962
1.0,104.41102379528957,-683.465189738667
1.0,-385.8079438026158,969.4723654233082
0.0,36.849623094183315,165.71099394949516
1.0,-283.18494984402173,-764.9798238724139
1.0,363.2317783796325,366.23965307081176
0.0,193.30026559143232,189.29735570127545
1.0,-886.6657031074667,-923.5037880731016
1.0,122.86460689567525,-237.22190275843764
0.0,-44.52180088567265,217.26082986211836
1.0,-291.27039566099165,332.4009524820392
1.0,35.06536722395049,-319.53630055468113
0.0,197.88166146664952,197.25687337076735
1.0,826.9973382840976,78.04825738745694
1.0,127.69820465744624,269.92579448625906
0.0,100.90879730347298,-59.87228545467791
1.0,353.6853458591793,56.093908762042474
1.0,-456.5267667724245,281.11848802608165
0.0,45.32001823935067,167.2438050390962
1.0,-129.96035719635233,383.0142459746103
1.0,154.57276269660247,-325.86309858872426
0.0,-230.48716434289287,198.81874457319373
1.0,-480.6069048158213,767.1733190283123
1.0,551.7590090831411,-706.0278762247913
0.0,-31.341454172746857,218.3078836698395
1.0,-420.96226812776206,-948.2489748614336
1.0,819.6503103545492,-840.6628384745651
0.0,-50.438311703245596,214.7053084377081
1.0,217.4055278766332,-683.3376211711948
1.0,-308.55689430800146,-773.9774447915099
0.0,-232.01401755376608,199.32740223513528
1.0,-838.6492550547196,-28.140673355577974
1.0,819.1648020662869,325.226040963219
0.0,45.43833418763822,159.96085232157859
1.0,341.274566135005,664.3185205549532
1.0,733.6843173539844,295.35185636846495
0.0,193.50713955221764,199.33334230914292
1.0,-86.81865353934916,593.5489873300219
1.0,626.2514479136453,625.2702894194636
0.0,190.59523609147922,113.64888107528125
1.0,-924.1646384493947,-425.22458722560816
1.0,279.8650286449374,250.1518373297381
0.0,105.5371370430219,-73.71235954630211
1.0,782.795565409228,-481.0387328806578
1.0,240.3678689406256,843.6194029694391
0.0,200.83508895636848,186.52105065189832
1.0,-569.3249722847152,-49.4189407297381
1.0,763.9010426161828,-44.68691176065147
0.0,-225.5673241645947,194.36345435572542
1.0,830.0478296255501,-190.74942505178979
1.0,935.0296353130291,-898.7945631852255
0.0,237.31135641264277,-157.8926387941204
1.0,-79.7574276144619,-107.88862722684667
1.0,-548.3486324852116,-212.29879387487233
0.0,-41.64947132881205,218.20770766525885
1.0,277.4835390776152,240.29669025817407
1.0,-205.1549934778369,-771.4468367769316
0.0,182.49304831389256,101.53007979210464
1.0,-232.98887412282056,448.87972437725216
1.0,739.7166496469767,-320.8205417501142
0.0,-31.036847226432293,207.46537278328964
1.0,77.69039478246737,8.885906825878692
1.0,587.9930109545267,-77.22625637549504
0.0,110.93961090751189,-73.52186269390978
1.0,805.4761783173312,-21.247827889346468
1.0,850.0632468971994,568.7229753913705
0.0,252.31505007931264,-146.29733862759483
1.0,598.845193623285,281.15618760301186
1.0,109.57599697846854,-954.3621563344138
0.0,186.63825583387768,105.6607203207666
