1.0,-373.3212724043409,172.41138263955713,18.08367344622752,-910.6808741444141,-942.1775328051772
1.0,229.28307152299976,-164.83858290164005,-730.6121080547784,-634.7414464887664,-644.4725796144577
1.0,167.01155101754034,198.42256008989807,18.077831589523157,-835.3641730891626,-63.338929711780565
1.0,736.8039894630035,480.1101196892562,-271.45910165328235,-184.57102516413238,-548.7017184731185
1.0,216.6660023556392,276.74113956374435,-792.4099334594844,204.23890564749126,-828.7468309629376
1.0,-443.10021989065035,-564.7598197824675,643.6696703769765,156.67161764578645,-351.510607257977
1.0,128.89419130501415,350.2500717585874,-172.39181963855185,-853.8702044082755,-130.88563884745133
1.0,-150.85027221779308,-211.08377807446277,778.0098285289835,-868.0415152234302,-441.643863713526
1.0,19.52036575495117,100.34023401499167,468.88178175780104,875.0200794165617,-702.5823832438764
1.0,907.1021931436635,741.6172452514209,837.1369929512823,858.5182780263824,21.469529837198934
1.0,-741.9853463419588,427.4149667221268,-428.4238771855007,-491.74099890963066,-272.7265177818092
1.0,-113.62829685606539,-325.8459413667838,369.9207398962344,574.0578437326471,644.5284504790907
1.0,-749.2375362626111,332.954541061255,952.8949266920633,-860.9127656639728,-141.48123523143295
1.0,980.0835090502749,-50.61605231291662,863.7880643662595,-205.99111340862362,608.8592549307839
0.0,599.1300095575837,428.2256514837136,858.3649066742489,-356.93129424605763,-486.24815297640714
1.0,172.67647877915783,648.4498485235783,610.2931918364745,787.3882375870073,710.803276133634
1.0,338.18831977182595,-357.4116134020653,248.06355730548512,-756.1407869307204,171.1325404441743
1.0,80.90929204673125,858.5557990950722,708.1577532472363,-977.9631303394201,360.38757902170937
1.0,438.188503865543,175.777357658631,-153.19223941157816,-843.9257998388682,745.2740578747287
1.0,-150.86262211334667,109.00274164367329,243.4934697902213,26.230466697960537,474.76859867089115
1.0,403.2779062291818,-299.7876879522996,199.89812314817323,287.3309905248175,684.6019050165582
1.0,-601.3304205792265,512.9948152819795,24.881958967494256,890.5146132514215,894.2397267113079
1.0,-917.5896181179828,584.9471798845318,368.42821744531216,152.12854173268124,-767.2850778361171
1.0,827.4925991899372,553.4806659917829,-798.1693546660866,-226.0998881650462,-16.56144190561372
1.0,-968.0171095097771,-665.7043780740714,-237.9184024551637,379.85848660378133,278.96956709536266
1.0,-325.67326495966677,-15.88125685418106,-74.21223345299825,632.1901705930668,-181.9873808786076
1.0,-996.0553853884617,-393.45296315727137,644.8920450794826,-441.2958076366467,423.5592862553731
1.0,-305.13279634334253,494.9766208261706,466.1180923485829,176.44540684267258,881.53337903891
1.0,287.00510264855257,555.6908401382693,788.4376426469371,677.4292307393546,-516.2307370068047
1.0,-235.64958635469793,934.3725998517298,-917.8163601664085,908.6367877847854,485.0543382924511
1.0,-267.31263243286446,4.035200022444201,557.3840536015332,407.9223171754725,-128.3024694241068
1.0,-395.4159430285591,-22.16899956343582,394.9732120503277,-454.50459030503134,-352.9815243999009
1.0,-572.6872427922681,874.8563641567332,467.0725936289075,414.02701777353377,524.8025703195183
1.0,-433.01401008252617,-366.37948571986965,839.9615846360143,-676.4920978466505,-996.1235051215978
1.0,-751.8331261462383,-312.8680123875083,383.2024565080462,-136.11988813804214,-514.2224128066241
1.0,-156.10985027777315,-414.12131529699025,483.9343470615149,-379.97682337435674,-559.6332834953887
1.0,-688.2968316030211,-702.5795313470697,-620.9269864999867,-130.36870054632504,-271.221704378769
1.0,121.43853947547973,847.52362010139,-848.0931787418089,103.03837171506393,-117.76083114325115
1.0,109.10373271929916,-629.3097699814416,-553.8202560028633,-431.25092550651243,273.5101171867864
1.0,211.04313194080828,80.77618531385565,-290.818009886189,-294.44286122530855,135.95067864681278
1.0,857.958013934885,-707.48810905904,291.71897053455837,-790.2604057460601,485.97272978582964
1.0,-590.7927600307394,-325.46716375497067,-60.169109053288935,628.7382427650202,-912.8775704258464
1.0,-346.64189917769625,591.8761544462996,778.7624926350973,-186.3399679399189,-793.9021935199726
1.0,643.110371987206,-948.4213271901169,-379.56954681721913,-995.9221150458244,614.1342962391193
1.0,332.1647632729155,-695.7802213431598,-738.3634203788752,-218.24966014376116,-716.8736784349354
1.0,-511.73010348531835,431.33515152812174,553.6323587019972,-480.0250006877684,447.86578510672166
1.0,-46.389388908487035,-878.143650666638,-260.3294840911052,758.8635616044662,834.831890364632
1.0,760.6454482275528,-653.6868040265422,449.05833602480084,-648.241125315473,-954.2424844797271
1.0,-317.73897610254903,-850.574169087096,679.5664222590103,249.4931435831145,-611.9967168136297
1.0,241.52157358018962,797.2485392534013,141.16856174033296,277.3635024799389,-385.90991182850144
1.0,-944.4029652439092,407.6573734400879,-34.28154572963524,-328.82704084646355,-21.26029477019449
1.0,-134.0809029465995,481.27257503636247,130.1321632241752,87.23336222321223,-58.25953824398073
1.0,-726.0149799574453,171.84853821216052,731.8451115286275,199.1921047861208,698.198948437788
1.0,307.1168574821104,-303.6120996684168,643.8846425860736,658.1131332928273,-77.85153654344981
1.0,56.505140393384636,-234.11409066938302,-756.2374746831308,3.913185446876355,460.7677218096012
1.0,838.0239301619836,937.8470364737054,687.5705197664499,302.31758538202916,818.6742479128889
1.0,952.5221489048433,653.4950165591074,-689.2792143985538,-718.7115748651105,630.512595627936
1.0,-885.8134417703614,-800.5128245032002,865.6030820997937,-468.56057297467976,-52.30240671518163
1.0,236.31703841537615,-878.9666926573714,651.0145592286121,295.030045362887,-94.40741455640205
1.0,-342.0632972152373,-806.3479843847567,-854.466212714196,151.07821548498464,-283.06849504658317
1.0,233.48466476561748,260.614437054601,-39.828720152562255,-856.7056327859804,-672.841439317199
1.0,-750.3148331281382,-580.6993117926893,873.9603801572648,-327.46561353779805,959.6174408843938
1.0,-155.4318504007108,-99.55118300509434,-207.76526747593027,890.028349795525,-606.5117807693548
1.0,535.082206503642,-187.17228738957022,-324.1250406341876,109.57607472664108,618.5962381900599
1.0,-76.53367314398054,-591.993556489943,537.9494551099549,-7.197567110922364,-626.8973398602544
1.0,-997.1874490298325,976.1228253169556,400.9872159018503,529.140459843502,350.9986992207371
1.0,936.2853251812874,-695.4924735867426,179.83604832083984,920.9810222120702,621.972379240379
1.0,-763.2715573535404,197.51923961563534,-679.5842156772599,285.7167475545782,-614.0637191761994
1.0,827.8789247756793,854.4272713748908,-939.545614750044,-836.7628041263841,-340.91909975754265
1.0,-967.0571511014152,-508.5713541999841,-399.02156223133375,-759.6578630992235,-88.30848044048673
1.0,-81.67017061378056,-713.9951324190199,691.023878357078,749.2551488027304,609.3677337366496
1.0,677.1468129056784,-424.4285445029701,-740.1814474174133,344.63401646809325,-328.4802908824653
1.0,239.961261194881,-810.2659504621353,508.7324007690977,-595.3317688950722,559.8748200221069
1.0,-980.5317362118801,815.3287338553305,-929.8791139656992,623.8513605480873,-671.3131106489343
1.0,-734.918501626922,-503.9576626524862,-379.6369728270887,121.74497033631883,550.6260588424159
1.0,-881.5440966063402,-540.207344959333,980.8821460977622,-251.60466519897034,389.9328125214515
1.0,-226.14069345620715,-50.901478779595664,521.4506372208077,-434.30291779561344,590.5786918351807
1.0,381.57974162320806,539.5304702094422,-423.5410217583649,934.6234049258132,-416.89220193547305
1.0,825.9762268542677,317.98109423944516,-368.59077714195587,678.1043867016829,-174.05820066593787
1.0,474.40201292658776,-524.4214135730099,333.0497014756877,-826.1603433828595,765.1278520134042
1.0,-140.46345718402904,237.58123210061171,-495.368828537952,926.005216215973,719.1108253115337
1.0,105.14480726674628,375.13115432044583,901.8185884577595,-693.7332576699216,460.799675314797
1.0,507.2326445737074,-147.45257670779938,162.75198287965645,-517.2002109252007,786.7586055155314
1.0,991.5993923353683,-496.35547338728236,115.93096217491575,46.63635019536787,75.48319932713753
1.0,-737.4083424543269,-57.717030229847296,-630.6625419038774,862.3897395294946,-670.2868089877161
1.0,174.16963910484515,-467.71282098516906,-998.0448585212365,815.3295504265693,51.959124993132264
1.0,342.3571337063843,783.43608360741,109.4820491880123,627.7147073532406,512.8424044993446
1.0,-190.34429859806437,-93.65624640568956,-227.69172342384536,211.3781334214084,-92.22942180126074
1.0,249.77991987264363,-563.370129777295,414.88416307738726,-77.63168203247096,675.0962369932015
1.0,309.0603409666787,-971.7261674875222,-316.2903530221248,-163.09735954755956,125.42662123895025
1.0,333.1799363536161,258.11036600181046,499.4579714279014,-66.83458146986811,20.227167269392567
1.0,-368.475336908529,109.6469953032722,-46.47580955971728,766.837954898444,-409.77208765232365
1.0,-403.8863417589354,-848.2748732713333,-339.34840232432873,-220.99334478285334,-896.9668477400631
1.0,540.2878727218097,123.5577193530587,6.660297597900012,437.5490749710191,-344.40634562949253
1.0,465.69374174544964,-925.7326859291788,-552.2206343934819,898.1227966150411,429.4479434475418
1.0,27.044610810242602,505.6981877501255,460.4031034498753,977.6645639740282,985.2500563384103
1.0,-110.86185754587461,714.1576684823585,-485.56468006886666,919.8277289719927,-717.2525665031135
1.0,272.07896855980584,-3.5592492625103205,372.7180292524158,556.3845101295506,-374.3011055523699
1.0,-845.1406072031207,166.26930928315323,735.4573316011797,-700.085711017595,-74.4620322826521
1.0,602.5979224938135,-134.30845917828321,-282.5771965562873,-593.5173650635428,340.7523683399179
1.0,723.8649093820038,275.8836304177171,965.6201413024494,-564.9676170547984,-388.2912038275945
1.0,718.504744463022,592.6756137901998,-293.1186862598332,951.5371766768433,-718.3659662184336
1.0,-578.332342127865,-704.4402171003794,83.94489783409131,31.853508915333123,148.08293793023563
1.0,-401.4325158449077,-190.24333512034718,474.2747452686099,590.6399769665707,-931.1452442030641
1.0,654.2030941641856,-380.40539948424293,-524.7614462384086,-757.2771953845221,-485.1252358412519
1.0,-746.407189351248,-443.90722964158783,-332.9705565054793,-790.7935025235986,-190.9047369590644
1.0,-905.4402551917118,608.1004571547853,-862.1368818275243,-625.0644427632496,-160.2674509000857
1.0,816.5881030831638,347.9310499220285,-851.940521411074,-279.5364205669648,881.1149932713392
1.0,930.8199014601769,-656.6133264339205,-707.955058480846,899.4104792971373,-174.8550413063523
1.0,547.7314768638644,261.8333037997752,-629.9612405562092,-531.1235127195116,768.280252978639
1.0,-787.6336313716483,-937.8128204234904,-564.274805512891,457.3203822741866,-788.5273692689618
1.0,772.1841848468223,9.04632880086126,896.7170904389282,-225.08595997755833,-945.0260626398767
1.0,-463.40688102379704,975.499876686785,-683.7126075552103,624.2663121985265,448.8436324982572
1.0,440.8786131235506,-221.04171990395378,975.3924489336273,-401.2520002897169,-813.3957837921735
1.0,-987.2238140649325,698.9018310269848,-145.71247250401223,670.9776708963193,43.12324457074851
1.0,-30.724894488026507,564.8943043710997,137.60546620778018,614.492789430692,616.229140555095
1.0,804.1348335510409,740.1701979848131,762.8412784129023,-699.5614322907857,350.48906188389105
1.0,-88.52268816956177,650.6304802579571,741.4623246693425,351.83982161619565,-971.3341029617666
1.0,-515.5365904429789,269.0421195372917,968.3033858293923,-402.34593850614147,-386.51716392486526
1.0,-76.53822801216938,402.22188125548087,568.660188873336,-98.26539281018904,-507.57154568994366
1.0,577.353347701031,-782.3939490624443,572.3473485696823,-119.72542271543523,894.8634029282919
1.0,-777.3545633896881,-313.231887096892,257.24850891876554,718.2174515237712,-469.45755378307786
0.0,-519.2196079435316,-308.4366350774361,495.86886984201874,-727.2815546136383,644.1146694292856
1.0,-273.07620610700644,679.7956716879212,461.6683809544277,606.4284698844058,-755.1718764859701
1.0,-922.7329795727845,601.4415455275464,805.117770167175,-638.8165400793005,970.1305040693553
1.0,-403.3399812898575,693.3066991622354,366.25193384467843,-205.2997289011032,189.9950099186783
1.0,425.3265937923454,911.1756112520393,569.7639850203541,24.78663148417695,558.882803304986
1.0,-812.3802381584164,69.0498005844654,760.4991986943987,-974.8478779286643,-524.7532486052578
1.0,943.4335374657139,459.7695336063025,100.53020924351404,-102.75152893965856,-160.87581492951972
1.0,-204.46434774574664,576.5185245973478,-740.2832401417343,-495.8977158067921,-354.22152681163664
1.0,55.51672003856265,-445.0314738179153,-136.7569198745473,-597.4563225056768,-271.081584240358
1.0,-29.212448824815283,-752.4279452113414,679.4905239249742,926.7515117523899,-127.09336441953667
1.0,-814.1359914468362,-272.61448875645215,-903.789603500299,-411.44868018422073,108.73848975405849
1.0,611.1058170831441,21.927800060445293,537.0011882224039,987.3866717203582,983.8849318430339
1.0,-987.8633654283084,296.5133069345454,-688.2601305935152,220.59433909084078,-603.5335733296686
1.0,553.0733363924444,403.7333933307252,-880.8435501287793,157.82731306181108,657.9366386755617
1.0,742.0714242693809,381.5144438103871,-713.1667639614571,166.07861591867072,-32.53792017350963
1.0,-471.1571110834425,-58.26067287349531,-257.9470677735029,679.2332135280349,-303.0945392760856
1.0,-648.6499160043375,-748.4167668047821,-945.8813255762384,-64.22052351910554,485.9311855793542
1.0,-589.5370437636751,-871.9342986864829,-906.4686603729633,-724.9184233737806,309.8281209602601
1.0,-747.3721927286379,646.6486748559037,348.12518997650227,863.266781728001,-81.3197141797499
1.0,-95.83857829920021,-810.6484949191723,-841.7667519195486,543.9091659422834,597.3881345338318
1.0,327.6252289330664,239.45243271382333,-914.4098706332097,248.9804347205477,297.10600406215985
1.0,260.1712051896866,108.67505232227745,-179.64376070653861,585.073432150687,672.4420790462402
1.0,-472.2146216903402,-379.5405326812851,-933.6682750308014,-404.49162387636227,510.8722655841807
1.0,650.5871105896838,11.561469298757288,411.8972817059275,-967.3237026348842,-664.1417430230232
1.0,-329.0418793668031,568.0864321884751,69.36489605547149,875.1227790316761,477.05256800901907
1.0,725.1519419876004,-296.28769836442734,86.34940283568744,109.30707713175661,551.1236379885522
1.0,-70.58494158162512,-839.4592457875269,321.59090970919056,75.9394349074596,-633.3624506198812
1.0,634.5970891498389,332.2998481537843,-955.9628454977998,487.6510930135157,-481.84422035812986
1.0,202.29132619146048,-492.78703303063634,-356.1596788422074,337.5319010850792,-653.7710585985444
1.0,-890.1371996312402,414.83952890208593,576.619497094141,-436.9886272127832,536.8606063783755
1.0,875.7607325802721,786.3618547808157,-181.66891119157083,970.304182534134,222.16088455837416
1.0,-944.7770362115226,617.9774888993009,223.96217376317827,161.7199295638468,-605.6804081072692
1.0,-447.65782383368503,585.2812342830609,-541.3676605441395,738.1276155571286,522.5841735806196
1.0,-494.28663359616377,934.9185876213294,322.91760342500334,748.1005406844783,-210.20846645071663
1.0,795.9353848105995,546.3117640579815,586.9997426363018,-846.0052034960665,9.618455544595918
1.0,639.7179392048865,611.7394085375245,725.2293390876182,482.97967120460567,-464.58161703164285
1.0,-472.2858135113073,-781.2352099992272,398.03101016120354,-974.7454727017637,-644.6626567341195
1.0,-709.831714311183,366.2619318163065,296.75284700445786,-749.0904892027886,-46.22645855741678
1.0,980.7931549962491,238.89571267062593,380.7114838194602,429.019722497806,412.42957450167705
1.0,-209.5851710053638,234.2075271945505,422.2824973380691,-921.3679803466783,-959.4559036603707
1.0,269.36367369373625,340.7288712879606,-942.4417979284641,466.50825515476345,701.8435672740452
1.0,436.6308987269924,595.4313136993323,-912.155919931497,345.48088688258053,103.4377754964928
1.0,-925.836513513439,146.18878443793187,-970.1608098444905,230.97778317283223,276.52014477398825
1.0,-545.5392173596239,385.4367440429937,610.2826637501785,135.49956001009173,-676.574415015848
1.0,378.5911353941467,242.1157767512932,44.26490858884267,75.76519371288305,-483.19737930653423
1.0,879.2221207677392,-674.7410622714856,549.5549465149234,-982.5016947974217,213.53814095955863
1.0,265.8857927261897,631.7648172681891,-686.3208600050148,520.2719006531768,-540.5904875603587
1.0,695.348113409018,235.41137969784586,-866.7622412152195,327.6208386694732,-970.7867882749277
1.0,623.6335113206769,487.3740944616875,-669.8858460276771,699.4234472268563,-529.1716284621352
1.0,917.7154272241382,324.63419068953476,-755.8644646389358,-596.9250172671492,-886.0363030940192
1.0,-93.9507150023395,317.6464844230327,915.8175305088112,611.9696719675912,-258.7222747201258
1.0,632.4106322420103,-235.33055158093123,-418.0897688897953,248.87815041485237,-18.233165470383597
1.0,126.90951748339376,173.0486138700278,202.54565830692695,791.8525274645178,-455.7437700822402
1.0,-396.9849275064379,-601.558194261994,725.2331055251193,-220.75230532639466,831.0855207072593
1.0,257.13035437668395,317.4997847692139,-967.4705439169255,754.6064889974487,553.3704831665602
1.0,481.66794174308984,945.2682088328777,-167.38793615197676,191.81565970566385,-669.3997163848773
1.0,-890.7969600381072,-707.1897854732913,-439.6458291309659,452.94616695938726,435.76087143556106
1.0,607.7738086602687,-573.7129170232561,497.38335941308355,244.98506998314497,70.64016837641384
1.0,-576.6827716977646,-351.4791760408258,919.573621713269,980.6626456815984,-117.58632041565886
1.0,754.9141943543239,179.17843101029234,273.804485683341,-314.5082124704885,-45.895783264610486
1.0,469.94369543809125,883.9694340266565,857.235394652052,-726.0425120804772,-984.1151241625118
1.0,-797.801341878167,297.67326877684513,-830.5247834330529,-844.074114349616,749.8732195044408
1.0,24.65970987877313,-879.999422101964,274.5644019647166,204.9084432297259,-478.5930574224102
1.0,-190.0179815237408,-237.09048276078954,-995.8867365608411,-914.2153969928244,-464.8265839316264
1.0,-674.374793434511,796.4554097131011,801.2554422338135,-161.9701661336004,-727.9432253239186
1.0,558.6772903150375,533.8639508081087,602.162061965332,-398.25006465191825,171.53309263410802
1.0,-447.09109152785516,466.68048769647385,249.00833165079644,-35.243758860513935,522.5520270332581
1.0,840.9383418715249,825.8210168826856,255.75812792692705,375.7859186075498,-337.0464840962794
1.0,40.67357807798953,941.3568746443789,991.3260049899984,103.09781144426984,-454.8195657159031
1.0,820.0267209656126,477.96507753376295,949.9124379564739,-711.5969120449697,-184.1244598833864
1.0,-535.7304692375975,366.62555594137484,-58.327402768728575,-151.09023687007834,-118.66139474265287
1.0,565.2967305256398,654.6250584127938,-688.934451912864,112.28593451447477,798.2983983596494
1.0,614.1464675689729,-244.32253497881322,-279.4005884327098,-630.049834654345,-182.37620635119936
1.0,699.6160693649053,946.7377069237384,-713.9925860544192,-526.6756518575397,259.97678243696464
1.0,527.2226553784092,478.7342168557691,-95.74480617076665,615.7054546088209,420.78265572383793
1.0,-816.9621541737868,66.29990397031656,-804.4894831569911,131.97932079341172,-483.7437154253412
1.0,-306.67355108296897,985.6892316883743,857.1011972715094,-323.4843839189216,175.83571561350254
1.0,-645.4894862086016,603.6195331901606,-91.8497721939791,712.2357178905781,437.8851259025869
1.0,187.09147627827497,242.84508451217516,905.6638706057706,422.83741834340094,344.98143810557053
1.0,77.32054196496574,-14.226538677195549,-951.9173363466768,917.701719129901,-897.1660565019044
1.0,-766.3873533901677,-590.8087279210699,-600.3214485502306,-250.13165347039944,-950.328910921106
1.0,-844.5996578183219,-400.5778569153258,176.317185437199,-29.743076746451493,226.38240657185838
1.0,755.3620575502018,656.626643878908,673.3527187558116,226.2470236808831,-127.83467719570172
1.0,49.44723847524324,280.0203670473668,-194.34383858248827,-411.612699108685,779.4308854071064
1.0,-822.7526075534106,83.0420306998642,-262.6031632406309,-688.1091415666538,780.0241444486776
1.0,-571.058323704091,267.043839164304,167.2049102840342,-643.3302345338639,591.1608130643428
1.0,-254.29294471978926,821.8617314579483,570.9706827356172,699.4439689920675,357.7399710925213
1.0,983.7085677354501,308.42683818162413,-251.7194335068167,840.18177396123,-820.4685841906291
1.0,-450.7585037571848,14.617636857786806,616.3125173205513,-584.8130651740244,-253.6318697412214
1.0,62.267722344538015,-386.6060493362819,942.4295128258241,-457.1550334253167,-69.44166061026306
1.0,-29.025127286645557,-599.4241454501594,-401.0139268587534,-462.3274208016836,-806.6658314825634
1.0,-545.0644933766698,-270.1329498187215,-590.6115303362889,907.6834402437617,-683.5124941886155
1.0,-609.4785931098568,-967.6099959428359,-545.8388905825304,485.9031684050842,746.3277396923327
1.0,642.0356399587138,663.5527848032373,479.28987264167245,406.124601026537,-225.72761231247694
1.0,-810.9643976045629,324.93925567727524,-269.27405544719306,-486.3843282345333,-515.7394467809154
1.0,383.41614888104596,-797.4745504160148,366.2583874482509,-62.33875218095284,-126.9506045048139
1.0,275.5306835237827,55.1497817961224,-164.02544699163025,36.97861290364426,-15.930802863832355
1.0,901.2994901983395,-311.7545953750698,-208.659982407156,-729.0867414907057,426.6269069211162
1.0,409.2982222675107,695.5042487858889,414.1160056078231,-222.70503603258885,-816.996044253278
1.0,-846.1859155916925,251.17205988512978,862.6607599726865,-659.6486452629997,285.9424319226973
1.0,-342.5521367716466,484.74538518913437,-436.3521082613644,448.9680581599905,599.2177260261456
1.0,-560.512800437566,-605.6062397085573,-577.2232086646638,84.3528837918675,534.2473904449946
1.0,-986.1781704598216,662.6266220151856,99.26528007756497,-274.0973521294559,569.0344703223277
1.0,-398.1521296690778,352.39088976515563,-753.9663496318497,-387.92245285125034,-865.712907791856
1.0,-564.6441659049885,-722.3872153652799,913.9374965234117,971.851314157416,-759.5255344078121
1.0,-850.6768620626228,-876.4879229613445,95.98690623612151,-68.23859612498632,-602.9355887105177
1.0,-777.5235529755939,-958.7673855136359,-47.586076405413905,-178.5975401572888,938.8455350379727
1.0,-708.4999787994792,72.90282789205912,-732.9492003790057,165.82964443667493,-420.13445298631154
1.0,209.48423682971975,-795.5019784118293,-310.0750058132155,348.4522489654171,733.1843434957575
1.0,-972.5680609991516,433.35778394025715,290.3972490836725,-914.3042855276873,-233.72017026756794
1.0,-536.7307054602766,334.24999591365327,767.2922194737048,668.2418905902211,372.28169676221637
1.0,-467.6338242007006,-127.94173773278851,935.1462547806482,-16.637149560752732,785.9635265368838
1.0,233.5919663114521,606.8865602681731,350.23061327764094,855.0148767030164,628.4269509755206
1.0,116.86592183377297,-185.0206513825534,-935.3465059014878,-452.49236003709893,-745.2949304618066
1.0,-589.858361021151,-391.46700039544703,775.6029387681265,-768.4364791134685,644.2528677436287
1.0,-431.2397801873617,-789.8803865494053,-42.083335459374325,-789.2131449474086,404.7227383166153
1.0,496.94327749212584,-903.7455435601019,209.76539047225242,-349.1420150310396,213.97063185281422
1.0,-486.4864195866953,-28.338661222208316,606.2706497876852,758.1930581187266,-157.52798604603993
1.0,54.7010939451186,824.38392952657,-567.7919936240296,850.4058957192692,-671.5691726366475
0.0,-462.20020652671474,488.3460578982699,21.702691383938486,556.9444180365001,-344.86183440488924
1.0,91.23047072243253,-128.31697346012174,-940.2589673459654,-655.7961887799181,-640.9449466164434
1.0,248.405306779071,24.131000723949455,-230.11727492252066,993.0692406654125,958.0967015917051
1.0,231.48665888913706,-878.8633303627673,784.6562657470092,-545.8915989755235,602.5934747162607
1.0,317.6932169184663,-709.8759072409196,701.1401221884005,232.0312758887285,-983.9884149301612
1.0,-31.546128494655022,930.2865569514083,125.96415211781414,612.9273290000745,527.3886256229177
1.0,-288.3918931552005,878.0234156524598,-40.793726963693075,-841.6110306415718,238.80558667314835
1.0,-988.6594955515651,-495.32887582140785,219.66252518884903,-883.8601075793671,539.8055481382517
1.0,677.4315942243732,178.66601783921055,806.2043315785384,-177.15608379674984,-853.8100833942289
1.0,633.4429364442562,-912.4026600949702,-725.8115744767993,-776.723125800787,-167.24664316484564
1.0,400.7483490577599,-287.31354095165966,547.5977277046006,627.6762575478788,-920.8451164254063
1.0,655.8979553771424,981.7382912089761,-338.9926211692798,711.3917090579762,-951.4256983700222
1.0,-353.9559166756161,16.102911563269572,-300.43674951477567,432.42058644998747,-757.1364418770645
1.0,-178.88598482369105,185.49079025705714,710.353428665743,-772.0135266472826,-222.0243678891693
1.0,614.7817599090545,-58.97365791317941,-962.4918282925104,322.1080340678045,112.7886655737459
1.0,-170.38331157890866,75.77317116764243,-829.8923210642658,-885.7302861335605,-330.28930181597514
1.0,528.25088299456,643.4506902495987,-954.1029323308301,-967.3631658188128,663.7379787849793
1.0,-856.8587791365328,283.1938098548617,-405.09036273382776,-392.42912217990477,-163.00649815317513
1.0,-207.40958874749936,401.2918513557288,-599.502191451221,258.0375714477709,-636.0359212959703
1.0,366.973087973706,928.5449658289378,-731.1688266338417,539.3925786337686,-989.6265772132587
1.0,622.0650575834984,-282.9511024099278,955.2861732897602,290.42155308155407,450.95798726103953
1.0,584.2102700162343,-953.7147606202387,423.5993113412744,197.79132226462434,294.14232302556434
1.0,-973.989767804569,405.36026639037254,221.77793705854674,-480.47480961216,414.8799371763587
1.0,-56.19368796441984,152.9441093021503,-964.7684875704861,-968.7883975068675,34.26624222031569
1.0,-834.1340617751933,442.27009704561533,449.52857752119485,76.9259842462859,972.4497743817462
1.0,-297.7647032243078,779.3168453778776,178.33231948749085,-214.28120630368278,902.3257678032605
1.0,-666.1522022430242,248.20477193040415,-428.7050060496272,962.7047646531075,-221.0688651576031
1.0,-867.4639506410095,-699.8082697552125,105.69154137300302,144.06065147799268,500.6144873806975
1.0,264.6166098131141,875.1147204137708,183.81084408012225,242.29137666821975,-510.1572200496962
1.0,-38.089696993862844,987.9658888596944,-718.4369492313294,-184.71647772160145,460.5448970987329
1.0,-390.9386086762761,-360.17330361224856,555.910571814127,-500.3604715972643,-263.4864189868564
1.0,-523.9280838644722,-30.96946865165023,-406.8351896692734,-446.2057794123051,-104.85523024577105
1.0,-322.5982582253515,772.3918531065656,917.5053892305687,-644.6447334713337,-409.4430742548967
1.0,-152.2760964833716,-984.9174762534742,253.15358322539623,-421.1835638240002,-220.6657524941238
1.0,-501.81448423352083,-276.2417503062875,28.165225984314475,397.4304085111344,973.1939822405675
1.0,-485.0275149630412,999.7048387561385,407.7049299233872,-934.8033635364475,24.38599337373944
1.0,-120.23127950223329,617.9631656138718,550.4649520570435,28.01708740070785,437.4008776273074
1.0,-832.5511782245271,471.8683921163665,-871.4430757818764,77.82610494816004,689.4919534603957
1.0,-215.12423420604955,-241.63404149662472,964.9977905061965,-41.800171254855286,-542.7326475687968
1.0,-522.0936128123872,857.4272401558899,-932.4509363820712,534.8755819600046,113.38146621966689
1.0,510.5866228178834,-309.47969679782307,949.3174511333914,-414.78303788132973,540.503028765158
1.0,-70.54031413613916,-974.5084632581944,-758.3054004509511,227.92154025082982,401.41233515140493
1.0,-870.3323079623153,-185.05144647882332,-530.0429538104561,86.05026460064778,55.23355823861198
1.0,591.0813168035727,54.88110796012779,661.612520970459,52.35243148604809,-501.9848796814399
1.0,834.2478925100484,278.31680464696524,-799.3221464209817,-13.72391288529775,708.0617858993223
1.0,-58.56675336370881,-979.5168075933902,412.71392850917687,-957.7789243906487,785.0181838764252
1.0,-501.26359049206815,-531.6425249550794,612.5323980665275,773.9415251619689,-740.9946633492121
1.0,803.3598724806661,-979.5869073980951,-556.4318444163081,-377.6818723599948,-974.2261742863753
1.0,-64.44617223024181,638.4226516653357,-988.846877811145,602.2389295482217,875.5609027703463
1.0,-778.0984732210105,-610.734722802584,-888.8700627219404,710.2675830033452,-72.86995186361048
1.0,-612.2879886384471,871.0231784622126,-954.6821852959557,-811.9786247840144,-569.9925717779281
1.0,598.6210739805656,684.8049924449142,548.8769182704461,452.5512804797054,833.1702846993135
1.0,-963.9525135062996,-286.28300379770087,616.9684976099804,-292.8227948202631,83.5521137197843
1.0,-329.8465670075441,259.93350675454826,-353.5708345199222,314.8761228676419,483.1613299592266
1.0,974.8555188053529,886.5436068804233,-613.1558847588527,-128.7431920087871,955.9734672680022
1.0,-45.25216730938132,-924.672393608337,-358.0913875849392,421.84934739821006,-157.35806005591417
1.0,-668.2061318099912,-594.833776992949,503.7379041890863,919.7824047114652,-264.90688925969084
1.0,-768.5517667280697,687.4652087024124,103.45747837688782,-338.56464229113146,-575.4304115292832
1.0,-399.3794482978352,722.7100938505287,733.006233267376,-360.3982150715051,-503.3352529655677
1.0,793.4756511532137,135.76687587633432,-188.67967064255356,713.875902829943,-288.0332171113091
1.0,-33.559970219448246,-613.2195433980123,-652.800324565368,260.2675942199403,747.2263422132148
1.0,-618.0041307621696,306.22793088379103,338.6611770098482,-380.57725169746993,198.759683835312
1.0,-457.8977659343834,195.09291495240313,860.2604994826495,-584.0846499913796,-87.69221554157775
1.0,363.192997405966,397.4474790381855,-290.5529964440017,-17.71071113825792,-851.3906410620244
1.0,808.2657747144112,-811.0788142552711,690.7807275335108,-93.59974764790309,218.45198925961427
1.0,0.7716522983400864,-473.78041495117884,722.055302539497,-118.97689072050935,-946.0444981698006
1.0,138.61662611180714,-61.321779007598366,-828.5247459795546,537.4338937138787,-295.0604829376733
1.0,837.5292700405735,475.1888273922357,-25.940197565007566,675.2023810584667,-884.6101044730461
1.0,18.595297906687847,-132.65234965860293,-677.566692622785,457.679569315208,706.4146155683582
1.0,-886.533904537272,-333.8461759990905,319.5124078711774,971.917770631333,136.76131653475431
1.0,-873.4390369758702,-670.671010048472,-663.354932857148,-266.87667926157553,701.6287257072509
1.0,286.77290606448946,835.3021203025462,-905.4499346750913,-785.9680683246632,206.9952516494393
1.0,755.9216314834346,974.5860931986813,-250.72877104023814,163.02905661720615,-307.8140268399985
1.0,-617.720878956443,-427.86627333361423,-734.757715901733,755.2695104842635,-492.57931059718896
1.0,234.91822386404556,492.73021048408145,372.04123091893666,-777.1948061144728,181.4146489051093
1.0,45.76645540506547,514.6153714980067,-119.18617320933026,-871.3806843336645,269.3225567886709
1.0,540.5806658096335,-90.48452064451237,-652.5035395687653,299.35263984686685,-120.38634426421015
1.0,-585.1895318612412,616.5389091687766,-983.1790658403532,-304.2748288761435,-960.907244695687
1.0,708.8321485568542,-861.3514827858008,441.0219231655201,-334.68752585312495,-433.14048677167375
1.0,119.56590873731238,-792.8003195072583,-207.68069367698013,-583.0526641095239,-821.1865807466745
1.0,-3.3743964958122206,-400.50753337534434,-582.3494891291705,-355.1229422427233,-93.30120820876141
1.0,207.98486736267182,-943.6549939166181,270.24093837944065,-550.140706465827,609.2199923862024
1.0,-801.1882412144444,98.66500423605021,-545.1418483202146,803.1547365402078,-696.4313784810436
1.0,-733.7788072363605,181.31679578555577,319.8858905998368,199.43965632642517,428.5340933243733
1.0,-899.5163133264914,97.4877118848135,274.60972027928915,-3.6258476410866933,-170.18856162792304
1.0,289.92197146848207,-830.9041443145833,967.0517168045483,506.66924530493134,942.142564237713
1.0,850.202466790287,804.1618737609961,-502.84746442950956,244.780815012954,-612.5892806236727
1.0,-249.2655415457798,574.2556452097006,-423.6007380098183,-590.2607384915857,-790.9676086896391
1.0,217.0691774191232,-472.73468987202705,844.5545202716348,-575.0385776465594,-639.1839770793622
1.0,429.6967048849897,-623.6890462901152,-57.0902480977262,238.69268982180347,435.30128986282807
1.0,571.9445751174699,395.7935782057268,-162.3451358227128,-728.1614750934384,-418.0783054491044
1.0,358.8952618008634,188.0689701708984,837.8722866837647,6.288756777093681,534.5543961019073
1.0,-149.95284174110736,-891.7964062424642,-795.1699063066812,-353.31781251101074,841.3258777111364
1.0,567.4371729185298,728.7649699507274,434.7988642447676,440.53464378676495,602.5312998517545
1.0,210.83525274817612,447.84926171491907,330.43870529332844,-337.98438904308364,-887.9194897136699
1.0,-271.58057464734895,834.7468262737079,392.556415908487,-710.1393554182922,864.6034792273356
1.0,580.9253546470381,-854.4417179603379,618.1030912410488,-373.525564420822,746.0895222948034
1.0,108.01160488980418,33.300320302833825,317.074256465766,-620.2028339741954,-119.91448152222415
1.0,587.4973340963224,374.0637988567671,-317.95758835509844,-434.05217563985366,659.7673530204349
1.0,621.8963291885532,346.8402719394869,-175.83716630987965,816.7593983622323,-480.9298139494813
1.0,986.6220493959579,-134.98200222264757,-692.8646395411236,-588.708144185669,-763.8466131932591
1.0,666.1853613519102,-702.3934655332955,248.39044568917097,-472.62405990283617,-717.1600925863104
1.0,-378.18018868630304,449.7330785710303,126.12466068208823,450.77161060125854,-911.2803260913391
1.0,384.75032110987877,-423.10954491870655,222.31747171943562,305.16001906473207,-310.05711311774303
1.0,85.49410172509761,-673.4715927052091,214.1265403284997,831.9093741321133,571.7913074948597
1.0,153.51594607901188,496.7776947771695,844.7887074692042,862.8057959835885,-332.49642651814474
1.0,73.26778183271927,-539.3564144759604,-100.35997256664155,199.86457230975452,-823.5164209566552
1.0,-715.725330240196,-715.5149641377494,-116.10917897920751,-322.18817951180154,-67.89303670524191
0.0,222.83876196139568,-49.97128183289192,72.99312873511826,-937.0143602132683,429.7190751381945
1.0,370.7281409085838,-662.3673509538935,-311.24473604527543,537.1786852365735,-119.72744336469668
1.0,-797.6440166362866,-635.2781074421923,318.76312997566333,-268.30388249299483,-739.5196298805762
1.0,524.7786588499894,382.76225697996597,430.03016043482785,-231.64109760039105,344.84273711539845
1.0,-451.44827563585,-237.31111301613134,-240.46784371529384,-814.5914187971024,-830.3207597480782
1.0,192.63886782020904,412.707956556138,404.61306959605645,-328.51627526874984,-886.6707950568796
1.0,-998.9306996478726,-438.05749845027367,778.9267096639071,-515.03156597883,-953.8052255916109
1.0,267.00326701809377,-474.57103510645914,-428.1391888977395,-673.1432283131958,244.29817214238028
1.0,-437.5117004824342,672.3946017691921,-304.79509262240697,877.8618273272234,746.3205173741514
1.0,313.3068961734716,-661.0006034430056,-554.2485243077444,-977.23331811964,200.60412855510413
1.0,15.113322019831571,-840.9545134358889,-513.9082550416188,-677.0281879365868,158.32743146923463
1.0,356.29507651882477,-844.8383340830272,-849.6264332449734,823.7072280228299,-269.64703708269224
1.0,-282.6827244896848,22.40463127946748,-609.5132257500052,-724.1021374714907,423.8172720330349
1.0,717.3532060518398,901.2492171075539,-924.2789295707032,511.39964200198847,-938.4382858035725
1.0,-246.37898273230599,235.71978957842134,368.5661868959062,-695.4735833976187,192.71463660248833
1.0,991.2259109182748,-443.55192776497597,693.5365703027721,-396.25573589330804,-578.580710544216
1.0,-695.6844445625275,-745.0320051521318,-693.2588830491136,-351.63459571027227,-753.5962184126688
1.0,628.6311696265429,689.2031684877411,-982.9933825441645,542.4132229564209,89.56141898479791
1.0,661.1943773069922,178.60073282675148,88.87019114645523,451.33540275074506,-42.53034145416177
1.0,146.37734599515238,-885.3415227092503,396.19313086253214,-189.54630139724497,-164.08397208590725
1.0,158.91994867753715,-861.9740973350438,383.3717125034732,869.85592234719,-110.50857746810277
1.0,872.1425309925721,20.210100090677088,722.3092323970095,-451.4531478557742,38.608352157096306
1.0,-829.2686347382927,13.736793841832423,-427.72652004186523,68.27371352466162,610.2454658821928
1.0,3.360164699513348,-396.6054630230402,543.4493837891471,565.3137041626846,-279.1915444603392
1.0,-427.73626982260726,795.4455212511411,-149.2759461143247,687.1910590059335,-135.44999226129482
1.0,-951.897275032134,414.46851828566196,555.4418777067372,-10.7246676252297,-224.22291432863028
1.0,-123.22816054978512,867.1958438604827,847.8918763212155,-235.69412657286807,418.326817266975
1.0,-70.7883825446736,969.0403613378062,-298.0809137531419,-276.6123899683523,-732.5313347959641
1.0,697.1513498545535,-759.1164995487208,165.28942616216136,157.31940596153504,474.534021566526
1.0,741.204297983641,-231.876732886632,-290.6481327024768,-392.2040262005197,671.9579918317897
1.0,-787.4748850041076,-22.857167599922263,854.4688253498812,879.8721913833765,-276.0632909534164
1.0,998.28067171466,627.4648451463042,255.15890899800843,-567.6939421880793,41.70969091590973
1.0,-616.381622208134,688.0207312554007,-478.4660649358616,-435.64782510758437,-645.3976485866513
1.0,821.4492170721398,-279.19908815028487,149.83401543026116,573.8858641630054,-469.14448874485527
1.0,-39.864154674226256,600.2623775120117,-170.79719927523058,817.7139902285592,-150.23147607181488
1.0,-201.96408857388337,-777.83325973716,-399.34853623911533,277.43222427553883,36.061751608448276
1.0,-624.0390159617673,-187.46698113400657,-309.8057236544538,-729.6496418787692,-590.6555514752051
1.0,-148.60177114562111,-276.6689100715431,623.9044918726388,-708.6957751264058,-102.66768782829502
1.0,-989.3793566795115,127.1953468722827,-382.7161314799181,-558.3050672216017,66.13690284217
1.0,521.9266196136202,93.91889619686503,-333.3523128478564,42.71601876041018,989.7808778816755
1.0,563.3509989606282,-660.5223110374196,-308.2131061386209,543.0442994423543,-10.35950567721784
1.0,-651.1991506335355,-144.68395616384487,-854.7404184627503,-511.6954646445442,-991.98313132764
1.0,-36.44492274031336,964.1311698679344,478.9178385893408,541.6641938738612,437.8979015653474
1.0,-462.7140779844889,-60.61866057809584,-601.0773156935676,-299.80545782066326,-322.4374315032985
1.0,-348.1974777386297,-494.6171172336302,250.12837067015562,-655.0712005596984,-555.4310574904828
1.0,420.2168075068255,-776.822463567217,-892.6221714023324,-692.4306045797241,547.5985248275001
1.0,90.43398665368431,713.0308251063436,962.366351022318,64.31935987403517,-668.8079831795778
1.0,-362.879545861657,-729.6198930676461,-218.91573160761754,-412.4801208653606,433.67568594999193
1.0,534.9721549575916,437.2228755118924,598.9661043325796,894.2884340005494,68.56044661138367
1.0,744.8298623757687,530.7322752290825,-437.7784457582803,-447.85965408835943,323.6129044888853
1.0,145.54821768255374,-938.6164995963322,101.54608863608883,13.165043898147928,-958.8260414676192
1.0,640.2944414980022,-18.68517424547281,-707.0940490625446,-214.46916199910015,37.54631838115233
1.0,-750.8007344505045,941.0256952694403,-542.1725676921299,-212.3330778738914,-183.99392604927027
1.0,-827.8929797518881,-534.8280465490856,-131.86226769145446,-852.8039795338663,309.3193601318535
1.0,-681.5073066497108,122.45939886314773,-414.19073974305127,349.1363969724089,162.30975585364126
1.0,13.616039077952678,143.819009134545,-116.57255536674359,-289.3272838029894,57.22030083177992
1.0,673.1219257480589,677.9020327561866,-637.9718199237545,822.5638846268289,-728.589974072238
1.0,985.1450326710265,222.2232540543464,-764.9197143808575,709.587524816877,-692.6200293984205
1.0,458.26761827692303,337.08259976413865,291.5188429850823,-541.8353925360636,-39.032465211781755
0.0,-262.7319808607682,-46.212538732446774,25.923504033580002,-911.839866683203,345.1003422310887
1.0,-805.355566850352,75.44710027109386,-183.64988932191386,-411.3311030791915,817.333882892666
1.0,173.3850645992825,533.2681540322749,631.4265917471921,738.5800082696624,935.6993555586889
1.0,-135.75421514388506,-352.6883587563567,-127.277915979314,-495.28989385268443,-871.2837053470603
0.0,972.5648771150877,-97.07222742979502,-308.39147131592813,-52.02292951646871,124.3273086777267
1.0,-122.96191471003067,-73.53847264058481,909.0740225381969,-935.6843139216138,-890.3056389476076
1.0,714.073387746789,-910.3835575304611,-963.7113548021852,473.606469670146,206.5816525122882
1.0,-321.9252236300307,923.6821794109512,71.24329742771192,-156.67261239879429,212.19722817159436
1.0,-335.29972039725385,775.209932966409,799.8326527573183,-560.6692366542294,-152.06336680794516
1.0,-394.6242511044935,894.4122733495851,-908.7941805541042,920.180806860426,-663.3442291973588
1.0,260.0422158027909,-812.1231046590027,944.3096798359909,76.3788960128793,-278.4078475736944
1.0,131.58364898710602,29.43463627478991,110.56131928069544,615.6570658835556,306.0286207944955
1.0,790.2496603942018,928.613164992588,-261.80811754536546,-629.0624193603898,-769.4464603680484
1.0,-761.6403137390504,-458.40353996111594,-719.7011996807869,-941.3099727465917,-130.616634832841
1.0,-44.267097637236816,-59.80949887498173,-309.0555721978732,-114.93392651036731,354.36427133242546
1.0,505.20466007408936,-992.7342135754905,-19.395805272608868,276.219996687053,-509.43840679054
1.0,595.944400351183,836.5674003988727,405.9861575796749,602.7620900152051,41.222223290247484
1.0,120.66380727636488,-985.6135111464113,-87.95502720734396,189.1102218202982,-755.6782945952536
1.0,296.0888458554175,-638.928213255371,-802.3101893807025,-170.69571340648213,663.5873253107743
1.0,471.85616129140703,-767.4382926824487,246.22385817050622,-670.6355718888624,-224.42272042552406
1.0,-827.3197222005028,31.442255337542747,-968.3059090727779,146.2146303286229,-842.4226588497295
1.0,439.66057324743565,439.0095199197001,721.6416770939329,453.76118430881684,-301.5580707939114
1.0,790.088075011734,223.5959055579258,37.81309496587869,-961.1481182500734,182.95078570659712
1.0,-43.52473257305883,567.6137876704613,-915.4334645254878,-800.2615989723032,21.46892306257132
1.0,173.01095648795877,-987.6740627595342,156.03513035093783,823.5225540697152,353.26141984733704
1.0,-917.2892919811367,357.04549914660765,174.1602118610831,-489.4260768153398,692.1789572820733
1.0,-331.81623803875993,368.4217524062192,707.7285406547517,107.19794852160749,334.4716414386319
1.0,201.39338575285615,775.5971803395521,-576.6415683340808,879.1360537689079,183.72223428304437
1.0,-265.98020896965727,106.3662407104407,-214.64021285869308,-590.4550034624327,-890.7000291743685
1.0,743.3858593255993,-61.23570982784997,633.005459396506,-766.2302504000604,687.685194915864
1.0,553.7572920055268,908.8417654653406,81.7662662147111,-478.14014890602664,447.0146545950331
1.0,223.5267573513563,-698.7747723916857,371.8332127467381,22.560973966922802,-534.7914369130542
1.0,-55.98489919059887,-234.40120849456298,243.04802243216955,106.77122516425084,-854.8038353233416
1.0,590.1089477562784,254.6087375005004,-86.35925069053326,-491.5939294368503,-91.42690357845402
1.0,645.3196175441576,-134.2825705246238,836.4309358760929,480.22661379708643,251.620815222484
1.0,-540.6125506861331,-75.67443908802682,56.14940058313914,-795.2983461866577,133.34696072820748
1.0,305.6605129332477,237.30520636987876,295.2250362270174,-479.65946556460585,-419.96295737837363
1.0,-93.11099252236761,-542.7822679265248,-95.72561569105869,869.2425576349121,39.95002529919998
0.0,49.784918367980026,-453.9437544045293,111.83332542361131,-724.5978920690866,795.232482985761
1.0,-949.9426046450664,-665.7481249714515,-980.302373662483,-241.25089843807143,-436.8829345988398
1.0,-583.8700456888166,860.3423438240598,440.35747207777877,356.4395884099181,145.73350538095565
1.0,-352.0011540859855,929.9798164473468,-222.59335755079792,-88.8463463592775,-100.83010289675155
1.0,-375.9273156840253,372.9602265716776,332.4836441673781,-330.5044813297118,142.77357243750112
1.0,-996.9204919318917,-250.94710972070322,-713.9961661909781,-775.2494674051538,-745.3619929390877
1.0,870.4515781730299,-231.46000172322044,971.2214236623715,-43.12176781153585,-573.6385888106968
1.0,491.53419665374645,-652.4895562223003,-633.8995447245808,-443.0152865766546,356.91776309460715
0.0,864.2402498946442,445.15843668397156,907.51581317247,-565.9416623716271,-285.77182895410874
1.0,-62.3611581159646,96.38188593803648,-727.2959245098141,-444.1369587790389,336.62737391328847
1.0,-417.1990152267156,-349.7873229641426,107.0694725462115,-591.3286591798554,-602.4266915251987
1.0,413.37538684431775,860.4318150056151,705.8365496419851,-491.10726847247486,307.32511224292193
1.0,-370.98145311594385,-737.5323970221646,594.2027295768992,-963.1593923151498,-307.4289390703491
1.0,-52.45404933495945,647.8275094770547,-266.4847191742317,129.07764232593763,188.87155989859525
1.0,860.421323723413,675.1067881683475,525.8535318171437,-147.35524488322653,-94.1539701311516
1.0,-165.81138235706726,-164.13428785697135,-237.0759836410274,676.650869669741,-250.10014380376447
1.0,230.33151593178854,489.6026078682828,-418.40772386651804,841.9679912834897,701.3474243556934
1.0,235.50461088254087,-686.4084025731223,-308.44560608001643,902.0080102258082,241.26141241165624
1.0,926.484802211201,-666.0982957680142,688.5571403283841,66.09573665866924,-315.99728354897945
1.0,-826.7828077090933,730.5181607587358,-471.40669631418405,-833.8149221711128,-406.1235785196757
1.0,366.50894115627557,-341.3921462872818,188.66614321754923,258.6446099533464,-323.4642369724445
1.0,-954.944067454536,-979.7083732887208,830.1547673558302,693.121647950454,-311.3792905527441
1.0,-489.015315033724,38.923827233673364,-358.03497379196597,155.21217834219215,525.0678661481415
1.0,-862.5642061219389,-905.6568935753623,581.4263164726349,-904.4186822123784,942.2982375054319
1.0,-148.15069703279687,-997.0721817143622,-332.9539737284033,653.285053850803,258.1185298813896
1.0,-50.36974530769817,120.02136238280559,521.7447842686208,693.1867808373559,-485.87065655109245
1.0,479.28632876883967,301.41148780921435,156.97638064987473,992.9121022273512,-532.5953489112651
1.0,130.08744192081872,455.81297113334335,-981.9514224135062,472.243602549132,406.74943182911284
1.0,445.40521116190143,544.2170252408334,-10.185795419864348,872.1691269839985,661.7959188393418
1.0,-160.44060676879224,-631.4539027315689,-926.3507912809758,224.20372898929872,407.5730692236941
1.0,793.9590275516086,-298.9636554342378,12.86852360324417,-535.0710737948152,633.7778694382209
1.0,-185.07784547838503,375.31380146257743,660.7144123211722,157.78226361334896,-357.33033138033534
1.0,-918.2857720284023,963.522954151686,-492.9494255644351,23.709362388856675,137.42225453975652
1.0,766.8418687036244,506.1816863141678,336.8238809223933,608.7796926936835,-885.9551211914658
1.0,318.82760310430376,-955.5798434723653,-192.7480763717664,-484.8287300233867,-762.5803269094755
1.0,384.8799924514037,-565.5284984778739,-827.749586199661,-821.1605901169006,-227.13507256634364
1.0,-902.6587442207012,-979.8138432311949,-537.7762967012272,-776.6348207866023,366.39697530486274
1.0,404.32020508107325,-216.18945419007946,460.5949544120656,-662.8329646023534,496.0613188138525
1.0,-475.7120061196947,-501.6362942603829,-566.3627467331021,-186.43577816799723,-732.3680746537104
1.0,-784.4949752843497,-274.5763661051277,-267.07019198323053,-917.6655462127379,841.7248519513264
1.0,785.6107956527196,938.0816453402106,790.2453732871652,316.70726970566875,671.0613504132345
1.0,-665.7122732035625,-664.4975859776008,438.95916302174874,221.5766373670142,-977.4998612959524
1.0,282.0055876843228,352.142312630245,-254.76494990316144,580.8026743568669,-889.0771802450181
1.0,-7.163853781983562,809.2154991914263,-915.1807987712901,23.780609987068146,789.6222452416514
1.0,-326.9564123506701,327.67220781781725,-142.29849379335667,-860.7589520625622,-780.0691681995122
1.0,-207.4079073608799,715.2846679290712,-610.6148872022699,-417.2008253035575,-621.9805670009971
1.0,-375.27061318748406,-620.2456766885059,729.6260301657242,-385.2661764605656,528.801915302279
1.0,996.7833261052451,-593.0391695356225,254.39712808823197,-245.70110131970307,-148.78898740701652
1.0,-151.3378552772806,784.7895660006131,-142.82918744828078,560.1682380523632,861.8894636073644
1.0,-702.8101254679643,991.6914134535339,-265.27358115632023,-614.9763226751533,-742.480740902963
1.0,-651.9055895195431,-109.01610624452269,-966.6482731104895,-949.4717783522955,709.0207211834525
1.0,455.13883497924166,-570.5895664983486,-53.70111160278748,-692.6738280017139,689.5438642668887
1.0,-880.8503298263686,-78.44852539100168,647.5288695964039,-188.38770582646873,-362.4368404314315
1.0,800.9264383045002,694.1234604328392,507.37358587450194,685.1948869276621,-909.7743136330412
1.0,888.2573209557372,-431.73246489086,-57.76476333214032,643.1031458863836,784.0473724167953
1.0,114.88235526298081,12.944121897168657,592.8676464734151,179.62993942091316,800.8104822579921
1.0,793.2204381704973,920.298704362734,-109.40081152255402,-360.75147165570297,-440.5894377912383
1.0,-912.2875983159122,800.5719607234896,-825.7881052208058,-832.4045920346681,-788.4003274082165
1.0,-459.78904411510507,-583.5236998110659,-378.45305886786275,-903.0281157849475,6.509876929658276
1.0,-395.18821128982347,827.9735608002886,253.78879129276766,-525.1429895268171,926.8470712098274
1.0,-252.53815386745248,-723.9152538436397,571.1056429839616,-955.1699929381494,-83.78626913010964
1.0,-555.5217586905554,-747.7817668393027,-853.1655908484985,-386.95281405317326,-624.7299683146159
1.0,-859.2870551617673,231.1978445562063,952.7149495924673,-400.7412375480426,-373.46035320382805
1.0,415.9079098150992,-955.6507409022323,-550.3810953236068,918.5250750520197,411.200515817465
1.0,959.5123627043508,241.3689631827324,202.2961835666349,-218.2987456125902,-40.39294329226277
1.0,-965.3897590739948,-114.03878183243023,-254.05058226145297,-242.7058758137082,-939.6452704069067
1.0,-378.5110256929023,-128.38287378308587,-999.8859528925137,-541.6890257324319,-502.62999923601683
1.0,551.9944879439317,162.84858107765695,326.3193310895447,823.4254233029503,-663.9261866167243
1.0,-284.92692932794523,336.936888895375,575.1871003408085,377.72998113800304,-118.05943228508522
1.0,-213.60350539915362,-737.4969167305937,522.0858784964792,-126.41010494222769,468.0821992439314
1.0,987.8577764537929,482.9267430233915,619.7393606775386,-921.2013496071088,-65.48191740479558
1.0,-596.1505414432094,-325.81174242794214,-885.9635307700336,-339.98538733859766,536.0729064964066
1.0,292.84314088165206,123.08908368512107,997.2694286752951,-622.181815203366,-406.54017039235725
1.0,-203.73744495735878,759.0367715473419,926.7085272887723,174.0790262696105,55.983650708875075
1.0,641.0225863095486,-58.14651048164717,-93.09944848064151,930.5493621716321,197.99147970594845
1.0,747.498112709889,752.2398902924642,-533.8389266476538,788.14272779468,-121.21042101298315
1.0,9.599811562908144,787.3436276623638,419.4664447550499,557.0879508444075,502.81053991280464
1.0,344.11733531693676,-430.10513480270515,-671.844096925764,878.1482653178427,445.94483353345754
1.0,-873.7471740950018,-249.02688629814645,-34.326905419171,-961.6492693388133,144.38504473678063
1.0,243.07531418753706,97.88954069000988,119.24917764559473,14.993874542216872,285.1579307100135
1.0,-229.39661240282908,299.1461503112598,996.3262099377298,-736.719132561255,467.89099496333756
1.0,-476.99876373642996,935.78667475608,154.0422927461873,171.21972982859938,226.98698502695606
1.0,-599.2945696283705,-606.0077834833821,-776.8076306946832,-368.37792939672283,-496.6632217790117
1.0,-551.8081271287158,-684.8042598755335,926.5300359787072,34.964682806526525,303.123787843572
1.0,488.1470848727854,-307.1371403405991,-31.1938559852523,960.115638590629,-934.918940946546
0.0,-142.4363739538386,-691.385668238499,-286.6554482760042,-375.776007500471,839.2309900067562
1.0,663.4321870761746,72.68888929448599,-385.0090907855723,706.8461296968453,101.23343469866882
1.0,10.124676932102602,-693.314123360576,389.6654540811985,-874.8395981207759,-894.3918232859979
1.0,912.756223873301,526.6710817271692,-363.73700933237217,603.5720544559615,-496.0598999997248
1.0,447.2379726010961,-414.5579389599943,-411.12066251384704,-16.136204317146053,429.42425442230797
1.0,-343.6307941178642,-335.94808753602524,-604.543919054541,810.9409804161794,-297.99575735765654
1.0,-373.62624193628653,-532.9676989002214,-176.02921342730644,297.85420949931677,-193.89026478571884
1.0,284.58566670831055,402.78975256935314,344.4987462158492,871.363895602457,-713.2389433013246
1.0,-340.53653362218176,-136.59004227849027,255.53959574933765,463.8808049343818,180.19818577043839
1.0,350.59973949715413,-379.859861400867,731.047377160321,-820.656802846154,594.5793712539705
1.0,-706.1578392316699,738.2185615833855,-155.3096997768946,892.0366105960713,951.4588242317532
1.0,640.3858993944166,159.56088598596148,9.067274324562732,-326.87698257205295,-310.4825584281905
1.0,-454.8981508246477,41.888644513551526,-759.5793151516095,939.7876161852273,386.8035608840503
1.0,665.1145091763051,669.6241359513328,775.1216482381042,-893.0955880137168,576.9410894862374
1.0,-934.5372260528081,-11.096332407627415,69.41338711592584,83.54786082206465,-107.14174540190697
1.0,-848.2684575659849,88.88874091694424,829.4682065983013,328.2128614660269,-560.6029303756313
1.0,190.8837306356395,525.9351354607281,-854.7916853740107,-470.41151083799787,383.477556446461
1.0,378.3505313847643,219.54995187228155,441.8468654771407,32.06776527482998,169.56372499071063
1.0,-446.8356724901812,842.6597941086234,450.7795440315408,-0.11657469136719101,-550.403755817862
1.0,985.8801642885792,-564.5654082603886,532.7660804976592,778.1553571419613,279.650521821399
1.0,227.74055794130572,525.0273175187749,516.4852463629761,966.5222159843538,264.01767564858824
1.0,-6.3665934657494745,351.7268400398998,-25.49348998578398,-386.9639365631954,-110.04832892829052
1.0,792.0161733554148,-786.2765484936982,-369.05756602854797,-116.60160725676019,807.1924424776905
1.0,12.079944247874778,608.2060742073918,979.6296043682687,143.45987217919696,-148.30184769811262
1.0,-889.1878825609784,-664.3804910379195,-787.4670473536061,583.7175451887117,146.15328961241607
1.0,-572.2479611019164,-282.3881298116439,535.40630815339,-311.87044056292666,396.6770446176847
1.0,-995.0262638298489,-609.2926699821073,252.99808453079163,337.65015198516926,-657.0964719305581
1.0,-57.24026024024624,-503.4552340900833,42.2523932258498,-305.3942192352413,-773.5324476471601
1.0,248.25033873822713,-948.7144467332846,484.95508356580785,-137.65700570474974,-905.9687291758187
1.0,877.9468105863311,158.94263813133102,136.9738245415731,224.72559978429854,884.5976123547764
1.0,-397.21771084368913,35.228873904874945,-633.8640618636298,285.15684118421177,-152.83377811233765
1.0,-576.7329146565953,869.4977736534549,-59.33104314123864,717.524858083561,-68.47834802676414
1.0,490.255357584698,530.243953100244,-628.1071250992495,-795.5942273058978,-876.4569928369082
1.0,-9.808381562995692,-872.7144559437913,-470.06207344164545,-187.14942538597154,120.72723222982722
1.0,974.4244856328125,-597.6446621425415,-509.0633666773368,119.22085330014806,-24.710012671717436
1.0,764.1591568051508,990.9146840127887,25.841949769471967,660.6251475336846,868.0947123903422
1.0,-994.2405253543001,-931.0684567146892,874.706207154112,-163.78450968540005,-855.4020935761739
1.0,742.7526928660118,-704.3065948822538,366.561028368636,-593.1793490272698,311.3752762930635
1.0,169.8608705435572,-360.94155687032537,675.0828296213169,-462.50535948212337,815.4544234219927
1.0,153.85506316053238,-680.0351150312487,-266.87038341298864,785.7732162047853,134.4919276170756
1.0,525.6544371528062,570.5506068967429,-415.7890620343529,90.72698310175497,-575.7894013370747
1.0,-544.795565769127,-61.680529077846586,-396.2264599409193,972.9986652333641,886.0937342710481
1.0,2.8651139657140448,279.51159885660445,249.73818458318033,-258.14962192129667,312.9296440843416
1.0,98.32170557745053,-463.90892813053483,943.5738463793634,494.95158920528706,-483.11624517263624
1.0,127.13902151440061,746.7143471285144,-699.1448018871924,-318.53242868433654,135.5086656044814
1.0,-953.7348324717545,353.0767366302359,57.094838414045626,598.9452855113955,-444.8943957388551
1.0,-473.4607486608202,780.3899417266864,12.240825932421103,-610.9598661166153,-844.1583995969611
1.0,268.2085707200579,-148.78541706312353,705.2613662175202,-243.44799526220754,672.5671898060941
1.0,-58.52396171594148,952.1067862838274,-321.6263308285021,762.2377591725415,-619.5432842762837
1.0,188.4204185602755,646.653795395355,475.896703583983,405.9350005655608,758.6748121571072
1.0,781.9534323818957,-753.1162013198556,-862.7438259103568,877.0400868097618,-586.640842508388
1.0,-188.0900666416212,166.0968141225958,-929.6560205047697,-588.3002147520626,488.54261737617753
1.0,683.6165561386299,-839.4524241231718,431.8044080215009,561.2822038518507,-61.55573816185074
1.0,251.50969484703114,800.7054705485655,-903.7786692372365,938.4170289872477,-830.2424130014747
1.0,-489.3409023716022,-584.8670200604774,-275.43100013760284,-750.3611802386982,945.5731903340261
1.0,572.9550303343412,501.00543010237493,-970.9882324973627,41.31323760233431,-873.432244576714
1.0,122.97055909474739,606.0656287188883,-196.54441310731772,-929.0153204663758,-319.5080904050334
1.0,344.3880715408941,-887.7289044158647,-219.27371047800693,-662.409992028081,265.7363203842417
1.0,-977.66222874957,-517.7076079914256,-739.857406610666,827.1737113219265,785.9960991115224
1.0,-129.70274327651725,-619.8910581329567,-306.4085033370276,198.66169826074656,-419.8460687690608
1.0,-677.085352584251,-222.895996188935,355.9635761220309,-864.509027859775,568.533144547612
1.0,-152.7664238385911,-499.5671680189924,-839.1192843191513,-619.1629579438597,-662.9064182046352
1.0,-722.5587648563552,-857.6566688810287,-803.7604707144346,968.3058815761356,-57.57605951615699
1.0,-442.7749944245627,286.8984057773025,450.4137016626055,-59.48675242756997,26.719884960898753
1.0,-12.760787544776349,811.1356237574316,17.116429606908014,753.0637329026595,462.1736140223286
1.0,96.91570717952709,722.3288463767838,779.1113823442181,-232.26408849164898,730.096428307091
1.0,-848.2759652272067,879.5587853103511,66.24442775288276,717.9887831440001,162.97307762242872
1.0,622.8358886139113,957.1395291083586,-446.6661197744843,-924.4270418204799,792.0266707335495
1.0,909.1982268963125,-688.2797053772458,165.40961725726333,-926.6214927715337,-677.8153450408383
1.0,29.064492826177684,936.3781514297207,537.4820870491492,-476.6760950386199,503.41326338404156
1.0,-35.207221872733726,780.4800789791352,660.5702552496309,743.6087102202598,-846.724123048133
1.0,630.312254486533,199.85567311824252,50.03885202405877,-343.35325336556036,72.53419161159559
1.0,-637.8590751435846,-3.4717633397262944,506.55100882618194,-798.9430745645935,711.6683831496837
1.0,216.6281084745317,-278.3300309834367,871.1381319246284,-822.2407460383614,-242.71099344792458
1.0,775.5862587836136,-535.9052643416992,988.2812219764471,-876.1770524035423,-151.27539167883788
1.0,127.62045743458702,-672.611321748618,430.1456689914919,-667.4520112189248,-313.076189369929
1.0,142.2657536631334,-251.76529769099056,328.5285034122935,4.212095091700121,-487.24623630070664
1.0,-751.8147142376397,582.715161699949,-587.495089929489,-673.4665273206137,-269.1437794192293
1.0,-654.3907364386716,376.5826699230463,577.4709013187858,685.0099997318671,-624.0417418885706
1.0,-172.53774347439332,-581.7746322550595,-126.6359122778689,584.0665750061294,-73.61261243333297
1.0,250.00306114407022,-972.1387964370032,-589.4618085473005,769.3480248259716,-658.9327806465212
1.0,-385.6501175479767,-509.02160982564726,-226.65713106652709,526.2660373632111,988.4176198336529
1.0,-361.5421931572846,-879.0645189277706,601.5543273043838,592.2902514561392,-264.8683610989167
1.0,-890.315206689686,410.7028071831587,-130.29485871660597,-133.87317419452313,-784.7235614342676
1.0,-124.47249376347088,-129.5054184206748,-151.16602089489527,-735.4440276891734,-535.5004849543028
1.0,-729.3221902109142,-486.5595037447041,-210.26899537668032,205.54356126512835,293.0875745367955
1.0,643.6814443039118,424.2283755499641,-506.3977190087823,421.4355097398468,292.3459820945684
1.0,294.27132465262457,-342.2738372456822,-405.7518575295986,-318.8092855406404,63.55646069747718
1.0,-865.4397668931457,-35.73399297202775,-672.3878802144012,461.8258787332354,236.236194748338
1.0,-952.6418397162848,-360.6058052088656,718.9353597696586,-393.39740413745903,421.57463921164776
1.0,931.5891626861273,-60.34053783909485,-668.9961161952913,274.1377269307418,8.735749252821051
1.0,574.0041965713426,-873.0935691995312,766.8141608224478,847.4121889932819,356.36153385791476
1.0,-564.1929289619869,139.09410083141938,-484.79503147514254,376.5883137025919,-113.46596890706053
1.0,14.449080642489548,-476.8965877675056,420.5490505755074,-101.61306619405468,514.1747852185656
1.0,429.7118445942167,-689.702862107185,592.1507028054627,-156.31968940791148,773.9856614010541
1.0,371.09936815672495,398.09744081335157,-579.9996509034581,-566.5688664568333,-611.119416547338
1.0,-944.6733298883428,-212.6820012938424,337.65054303707575,-388.72957978277964,-778.4615411735772
1.0,-740.6019226280491,-420.41548679826985,-953.0184301096106,-797.310117600768,-528.3136652198399
1.0,91.18444515078954,773.6485168463312,903.1803833062788,-798.6075917051818,-140.31565514987835
1.0,645.2413482758595,-441.1983638845944,397.6902772128715,489.8836516485346,-633.5871942573157
1.0,-367.17141548923405,-535.8725308718846,-907.870180865268,-960.0480690767985,-113.28013010703762
1.0,-110.26817777211079,-549.5189397282088,-25.879648400480846,-106.39023507390812,426.59746567761704
1.0,-781.1980636607236,288.94231847938295,630.164525340271,867.2874821464472,918.2255763301196
1.0,438.7746374241867,588.9649204680861,322.01574701201366,497.0838055962215,215.5976382697254
1.0,77.20615834183695,432.728928066919,-96.21430624603965,-616.8147500371981,766.8215614717208
1.0,101.65187238463272,646.7671201093378,-896.8210827107129,-223.8145464837171,808.3416735217245
1.0,187.29012527712348,8.96617899326202,-530.8061251798457,193.22195244214868,402.9106815744808
1.0,-251.9613316330906,74.76884606593603,-862.4655010037475,-620.3723460322084,541.5647796761125
1.0,243.89862057210735,-147.46509360570133,493.0912899088894,361.9819957639793,732.3109605601283
1.0,-566.5335058665851,544.7155752726273,-489.3794178119111,-355.44029779295533,-443.0914562705792
1.0,948.0230399425373,714.1146971799074,57.04273315680439,-232.49843935116758,-194.36659976120166
0.0,663.3605116962224,831.9334025455739,661.4482904015658,-434.9390982225318,-637.1057398746835
1.0,-775.8082369741044,14.887177328056282,643.7083104501507,-759.9779805724656,-691.2250688619501
1.0,102.26139222208258,771.7575588317295,253.9628506972008,-841.3699976728295,155.93083711399572
1.0,-400.46771871359215,-904.1179368572871,-926.7054759398566,-10.448539446082464,-395.1995991350093
1.0,224.53218712308444,-208.38824218793548,977.042386555763,-15.03454470296208,-238.61689693195308
1.0,404.4814085418734,-519.2365124823627,225.16714129571665,177.30098374446175,526.5491523835976
1.0,-302.38839125282846,-783.6721275568203,572.506940733161,-588.260230344428,234.95502390748197
1.0,-347.1240211310211,-179.69111883526728,-956.817222142168,-722.3987519052697,366.51820687570535
1.0,49.85240597831603,-995.7622330182379,414.79910329202676,193.1187821436597,-764.3408284038765
1.0,-922.683123237662,867.6958247218597,-31.455757113646428,-283.05218843112505,300.57219170081635
1.0,486.8847048290422,453.91991798614777,-231.83395785383084,505.3360210349392,-273.45676397946784
1.0,534.4748417450899,-780.6613507255333,-372.31375991048617,600.0958613695245,572.4725190089644
1.0,754.9690334850995,441.5093208894282,-474.0675504609151,112.264647694127,350.7219833747822
1.0,-12.263643245366438,-272.8585667075507,491.57223056993143,-196.64643638804182,-347.25169546493623
1.0,-876.6560532714947,-91.04175732763099,184.17002604116783,-404.9633355432019,-552.2020912168664
1.0,-198.26217406784497,-4.830797497811886,714.1004803098158,-282.38642770339607,809.0775987372053
1.0,625.2532726148602,696.5524961119063,-206.1305506096336,-312.1940759518527,438.46308956261123
1.0,-701.0156563152212,-861.9342706227393,645.0895883652479,-979.1683415624915,-756.3397123013773
1.0,958.8188873004347,583.8427960560791,-952.971073311506,720.9122000787365,-352.86147647039104
1.0,-931.7333854748895,-861.5406419584953,-862.1334204588358,901.8658630331347,-197.21089103803502
1.0,479.0170988528639,631.6889218179062,-112.73250892535168,-710.321676560687,383.12903689180666
1.0,612.0064554238181,233.6950267949935,238.48320998626923,-166.84528222702477,808.4013796386619
1.0,898.554782737182,-519.9447637461951,225.672432984863,734.9312934723766,685.4896676648095
1.0,-560.5745010497862,-638.7878696564619,180.99103925918075,199.20947903834667,-99.95213117294304
1.0,901.4104093338772,618.7176915850378,-44.37410113826195,-422.58855178144677,408.59056686462463
1.0,-290.8778298618282,905.0433878168146,612.2961903957125,-463.91170082336066,-944.8569791950067
1.0,719.5746209279782,-849.6898043477381,-408.9972230456849,-943.8642951404217,392.3038926805516
1.0,736.9400533181313,-300.3400572938086,487.61647763648375,871.442361605091,170.9547786684202
1.0,-955.3944044377097,565.8653985794215,649.4017091477651,70.67343842887476,-592.7810233731414
1.0,257.59328442793526,-739.220947756826,264.0811081774302,-715.8632578733606,-611.8423659780792
1.0,614.3351873185288,747.6890502651618,387.16092972587217,-166.504813455776,-0.1895862315100203
1.0,-885.328180844344,-15.80988527740908,953.502125302422,600.8574185365808,29.8185745201838
1.0,-63.76155567209253,754.9150734530451,445.89891518422564,202.2057089910752,-115.73711433582992
1.0,-844.7866887660172,-765.9811905847023,-598.1969172402481,753.9082282591025,-905.3955540463372
1.0,-42.35119334373087,-515.6556799482963,343.7925207303174,178.85567357278114,-304.86397699146187
1.0,-727.4067279332805,376.06814471694065,-50.460153792825054,-770.8069253038503,-297.3717039081847
1.0,-224.5288690288196,-505.2993651865152,-258.028701074893,802.6942618177118,-806.7642996127762
1.0,-126.38761690422552,840.7093016830297,-410.53365546942837,753.8267173922322,-504.55181675046214
1.0,578.4223187844354,-329.81588325970756,-286.10801132512336,169.57305869278093,-871.0907974943358
1.0,310.8937677282572,601.2305629556222,-136.91363893156347,213.65997696234626,135.51033381431853
1.0,-995.694087984329,-889.1438056333751,-941.1423584699077,-353.830823305316,14.709761303282676
1.0,-300.8882528287397,-388.56368062567026,502.9880396407839,-575.0708622495879,-917.4846517664903
1.0,-281.4332567598734,-757.0414042568236,-524.6671331056027,910.6690233166921,588.5869645147575
1.0,766.8600297969258,-916.4719809155326,-492.9777459249169,897.9885900053091,-620.30514690169
1.0,527.8609109679373,17.376492552740388,-709.1509760976998,517.0563196198832,994.1825555793519
1.0,-920.364180757331,212.95116689159363,-111.51095766880599,-133.62556159863743,-459.5210223486366
1.0,388.53801645028125,67.0658997184023,-966.6132577097484,-367.56518635034035,28.462395854919123
1.0,1.127320352112747,-113.57463738660977,-219.25392165742812,282.12821229921656,213.2598293600788
1.0,-839.1298884428448,959.4417568035442,-848.9552430397973,542.2170824664013,-222.38931011515638
1.0,142.37308228321922,854.8022934766311,-683.4813325013668,34.15785494923307,-357.7744324408412
1.0,183.20411338601457,157.24685184631812,-487.04706297995483,417.8463320931796,-203.36192380568434
1.0,870.6602422575713,-755.7305276710738,46.917389460556706,-690.9894408787865,-698.6023545947749
1.0,243.1658359437231,367.7739632181738,753.0100582596328,750.3508957543888,688.577015669206
1.0,95.64295809431337,-991.9518416195514,459.7932202131733,874.971985853894,-530.8712795551369
1.0,817.255359979704,726.5661921597216,-285.6370609529672,-721.9813137007811,64.7128266611594
1.0,433.4602048526101,441.199759717799,-684.1083477469824,1.3793107532593467,340.5802346841699
1.0,-767.8455634719668,-274.79597070176794,-390.46871289843875,897.769739922134,110.64485904541675
1.0,464.38220674070067,142.85118010341375,-899.4603892994623,1.6903027867339233,946.6972806678552
