1.0,-977.4828888203531,179.76949531611012,781.3022856532589,-882.5063495363783,-389.63386099107834,906.5122450939205
1.0,-346.4525644598126,-753.9855407084578,408.3594928410296,-61.14049438076677,-599.6387714131524,-736.6260006034481
1.0,-596.4128219529013,-806.0826084071566,401.98913766200985,744.1134003591774,-145.48909486548473,813.0791051331471
0.0,985.8317107118605,238.97493758370092,-847.5988354633779,767.2511106940494,602.6425427594502,-942.7869026864535
0.0,904.9077956936408,899.2444697769115,-28.22912319292857,290.5796533028529,426.9281810734078,-328.13219077968904
1.0,-777.9675145237887,-600.6308909943523,4.858700539591496,-696.3984630789266,-150.11746847080417,491.3025439747921
0.0,620.2247248744502,204.19658841763476,-151.4533951770543,-46.709363998206186,-524.626932106788,324.0621934101307
0.0,767.9152122540697,-103.76270836573042,964.2805783215877,-119.99880776878501,-51.04685754335867,-285.9380087766215
0.0,192.9978765022554,671.5341038274014,949.159079599893,-320.3866319311503,659.9451680079255,-546.1926299845228
0.0,-391.38544920163463,104.66323812023666,-945.8960188341428,-218.0187853385844,243.79968619365445,-371.45398669732674
0.0,-949.4481276298521,733.7731116568825,354.5198633756045,818.9228434542551,-286.05297924260367,181.78449229295734
0.0,446.7181804717286,-133.9985475791019,364.75958926502494,43.97073753819882,-22.228577751680632,-63.653907574068285
1.0,691.0300250400182,-689.3818953831135,253.8568089159296,-239.53766363669104,647.588805199983,-346.0031997560146
1.0,-162.4515843596413,-755.9712936167322,-267.60611656808715,-396.36642950126236,90.46664504405226,236.28576763523688
0.0,-534.9864635617598,776.9320841534657,-312.44202365135345,309.401975585562,68.746033304913,-835.3230459203924
1.0,452.55594769686354,-514.6299410601139,-147.43258816890875,56.114181783510276,464.7518391061865,96.1496586627652
0.0,-192.97041492084134,318.88596052984235,-392.0104079000371,383.5774481647061,-127.43132144090771,-587.9710754351079
0.0,56.28904680858318,578.159751950036,-788.7606782278629,-782.2482711634134,-667.7561107322551,-564.7122671347387
0.0,566.6074977303952,594.3727655248729,-973.180144221262,-289.74451753108974,66.09476887146843,-688.0422754141985
0.0,907.7747086201077,36.94778324258573,-443.7973657140892,-906.7535122243509,-800.040038492333,-850.0316149251132
0.0,142.5261462009048,35.72433049899655,-780.4469971177399,413.38460118275566,463.0383870616049,-974.3326440909168
1.0,231.53853182162175,-40.76550247797934,938.5338641587618,119.50081164094513,-788.9602274801648,379.17783622800835
1.0,-236.6839130926253,-382.24494792607925,79.08397916671015,-966.6050334995368,-308.8929690300706,-824.0071666692768
0.0,-89.56771552491591,286.918595036665,755.1163740739069,619.2109005227285,310.5214551769143,-603.7563698027827
0.0,-890.9986038510069,-205.45686891490368,-636.1457784197705,82.24837830201727,425.97286988577684,-637.5942722329814
0.0,301.32421144328987,-356.97787673622145,859.6749566047235,-36.59342081777936,915.1392432213254,-79.86259492830447
0.0,693.1979038299244,648.9904624579037,-994.9483636893515,685.5982700415984,-813.5815680040397,-857.5738546367626
1.0,968.6543062412038,-749.7550060986589,851.3788357115236,-944.5542140282705,-22.43634681857577,810.3949831055158
0.0,550.1228572677667,-57.37790130230951,226.69389229007038,13.607755232894988,-329.1909380471059,-844.9656079348491
0.0,752.9389100750932,12.426595946940779,-766.4064133933953,934.3470488028652,611.8230157603994,-875.0188211660536
0.0,-295.79876469984924,825.0499400602059,550.507946825757,-455.5115210302663,-655.5642084667832,-69.94256416075268
0.0,926.7226348142469,-563.4829678239366,172.2023058312975,144.63404525081523,707.5694926104422,-371.146217684621
0.0,-647.2990252628108,311.5539685912104,240.07920463798723,408.5474623976356,-884.7104149212146,693.1082190592547
0.0,-988.7490196964812,-637.1384108724878,-766.7823073131091,491.9194279650542,-307.944303788301,-284.7600303877284
0.0,-104.16983347472967,-272.7585726020334,390.68527303703263,896.0157235113386,956.7166710145818,334.1414749417647
0.0,-634.8914806755108,-588.9665487652467,-127.0590089073014,56.89161004649691,-202.33611897531148,-391.8455826570928
0.0,307.07199117162486,144.46988798571692,729.1134728078816,765.5022671626359,-800.3853198573668,-316.55346067562436
1.0,899.2841938291588,7.1248875878337685,-364.26561930533444,-431.432020494688,-767.7350611327834,890.9318702761332
0.0,-573.0608614347943,5.561723021915782,-162.13918043277693,-53.128436213059786,-872.1407104575509,-736.0988627342026
0.0,-197.0241734323797,504.799835489516,-511.98227857353953,-323.4553624324343,292.10726430869795,350.65169361551443
0.0,651.9639403084536,-418.71472131998826,-125.42065846820628,823.3444066048176,665.163006775342,-96.29169064950997
0.0,-150.71581012109596,-450.08800271141115,566.5112947853052,221.45866273775573,48.1110503850723,-617.492772216676
0.0,812.3824216743142,-392.4824086613663,836.1985568828402,670.1507366581639,678.6428470453889,-177.50984048787416
0.0,327.9443854560798,-818.7434159832651,568.4077697476962,499.71102587251175,333.4306668129518,-321.15533046985024
0.0,253.83327899907727,783.4615264464662,852.6393376854362,-284.7144345574966,982.2415213969623,781.2969898173255
0.0,367.0157462908862,-783.758496132501,996.6345800532263,-101.71634493404883,856.2885553205188,-422.9677645044874
0.0,-954.4625275481144,783.5615258245919,562.2024718958919,559.8292663403081,-589.1997435292733,760.7263953895163
0.0,-376.4613559559489,389.77983913483126,601.1809921880354,449.85210295465686,-981.9120011886664,771.6924083264196
0.0,-170.24932477334744,-54.36984829219455,377.94009443434106,608.186235715325,606.681064955734,767.6595196313049
1.0,-780.1012523997874,304.47669811896617,-707.2712486823921,308.47241577979275,494.80902116269453,714.311163261123
0.0,780.9134699304739,173.58977039102479,666.0745610332349,681.1953049565443,142.1402942317784,-867.0461952563332
1.0,901.6412491611022,641.3290331558139,201.9998847748045,-453.22508275276664,-622.139249932246,-918.5026580346818
0.0,-203.9459253400115,-300.0927142846863,-211.61556205939178,914.2617601715021,297.0668755200152,-413.0219633515526
0.0,19.92721141918082,998.9605747897549,-503.2342892066306,840.4477735771961,333.6733114766846,-343.70978262186225
1.0,-7.711382508491965,-564.8695825082135,-875.7294889932192,222.92486297843539,939.1469498395682,-416.66273675267564
0.0,193.05798876499898,238.86151788723055,522.0605213508613,98.42716540267224,-345.8867980463947,-835.713901994161
0.0,-467.19135516881454,82.21686098235182,767.2648640603859,-83.17287781460675,-127.07827592726414,913.8825700915334
0.0,-54.664129695452175,421.5042835619522,142.80063056327458,83.0193851750139,-492.459150126596,32.295840248325476
0.0,305.8504308270883,864.3247150228792,6.061431699838408,696.7399305291997,-323.5147348251812,-856.7408493539737
0.0,2.36928572078682,454.80378597779895,-756.2733973695837,783.5281063880768,32.7655030545061,634.6970004389775
0.0,-364.1704354675484,634.7946183020458,733.1410372111673,295.2627874503967,-809.2072057615982,59.03217037661648
0.0,-412.4476296735029,-205.8311360333273,704.2445333073265,575.0205961360928,961.2914234536718,1.4031591481482337
0.0,841.103695675904,509.76005264198784,408.43365560688767,-348.62207260658477,-548.2289667141661,-673.0961880821067
0.0,-168.0062871083294,228.34735746863385,-763.1976494638468,918.671741328176,626.3712243389944,-332.98809351844864
0.0,239.70623319291622,482.42180052078515,-266.1237751784262,381.2376733665683,277.93761849621546,-698.3922743624609
1.0,575.0820060879341,-873.3895103255413,628.5533776796613,691.5871367946818,87.03183394262328,393.4074043379844
1.0,545.1798763953884,-800.605871392978,-742.204923007414,288.21231276322214,-311.89617112962526,725.447062275364
0.0,-911.2257354534505,-36.912041837878064,-416.66778249811375,738.640858543022,950.938896345878,-657.1961242479365
0.0,-994.8114614669306,115.17979502927619,694.5139146585739,356.6292048211228,79.13678010935973,-844.4665432239856
0.0,244.43033971924956,-111.50932854860548,714.861545800512,873.4339024998992,-97.26293300289444,593.1287089816815
0.0,-45.9858029429638,666.115133596853,313.54261147437705,873.8351704296604,437.26827784196075,328.1205394811532
1.0,731.2601888498464,492.8616890167741,-43.492093527054635,-605.1606720473026,439.72079564412525,876.3724045625804
1.0,71.49332406251665,-961.1831863723088,217.7024216978714,-14.917084137974257,-23.94201677345211,-594.0935338343827
0.0,259.1055894721319,747.2737012849016,-836.8306609652674,-80.83928755128045,-286.6734716800827,-862.4037966988656
0.0,35.55888136450858,858.4175568610874,-383.7644089401813,-494.8389471554888,-879.29478796207,-304.945888777808
1.0,456.6514597584444,425.25508253792805,218.78535431040245,-882.9971343859909,-256.1468027823146,-844.6338151443193
0.0,-732.3574316714157,-607.8063857564127,-346.44428619538473,-114.85802584090311,-288.0951661454176,-536.6761990114148
0.0,-122.73464991124877,666.9319850632087,708.5449837346791,562.1974517614233,654.1062271297099,-524.6828574912633
0.0,-223.81621848575855,4.884617233655376,-876.0489148613934,-105.43797871790719,708.9398476125448,-928.4929770006249
1.0,-190.9284130187259,-872.7796393342801,536.3853250847108,-51.19316554851298,243.00241099400841,99.45970048943491
1.0,945.958523013375,186.8992061149138,767.4371325971281,-584.3697435075948,441.11402920957335,440.91735048980854
1.0,183.9863030236038,-415.9268106776293,-796.3958428635507,-196.2726885970743,-473.7629984856162,67.48045569762849
1.0,593.4536711629169,-978.1889763360232,14.35673447433578,700.9280972045724,954.3099432939114,48.04339354918375
1.0,912.1913398752165,749.8164204805917,-211.702402890578,329.12857438167384,-737.8202386142966,819.7135460431402
1.0,-156.74408757015112,-700.617492859581,515.3389838412295,-544.5519743331665,-562.0542334678433,756.8217005080294
1.0,-694.5875110160517,-890.1793014127509,-191.20392615202843,-676.5231773522045,-60.453973626090715,-572.6568386825379
1.0,-437.35969275635057,313.91941186232475,133.86758592565798,209.04981943132248,945.1676941259434,714.3470239797023
0.0,597.203671326527,786.6646735090699,715.8049839587882,198.92047596611837,-918.6726314450624,180.51433844835174
0.0,-34.54933332494534,499.45892162634595,-685.4942683085632,-644.1821045516813,709.1442397922922,-66.69966195795405
0.0,446.1700891180062,559.0087696776129,696.763128899205,770.7736650147313,-420.0003960807488,-617.487885870358
0.0,-415.3033963158548,-384.2329184624838,877.4152962463463,360.48760636676684,323.9886149491665,-25.037889498563004
1.0,-361.6894264116663,-839.8094012920685,166.70069318871901,-761.5848576873552,684.7376953165801,103.90863849575226
1.0,-36.18462457541716,-603.2089863591217,552.0767595652999,-330.00598273556477,-80.47699337802624,-192.37172247084254
1.0,-152.2474115478867,-386.7286532215917,231.85507729282676,-986.1543379803501,-6.8265671055174835,-855.3551222266118
0.0,464.7829869641023,429.16207745360316,-331.7894146203497,274.7425632671982,-512.7785519912154,-20.395368376692204
0.0,-184.40687023045086,806.031243329476,66.29870368128786,-840.4971492930304,-92.4760950010384,-544.0191550201985
0.0,774.582140951632,369.06237185664077,990.094256605719,120.61549072428829,360.17850554737856,336.17209398724344
1.0,797.7746889642503,584.6588115507409,-577.5383267093716,397.52147345434446,-611.8518650701657,530.7303564866129
0.0,626.2417562430303,-347.17194241371294,428.03134353217774,-454.421683164878,-832.8402940271349,-965.6120256191061
0.0,31.741693590596014,317.6002339719639,-473.64407172469794,-372.3205228014464,306.1876701883127,-18.237896104410993
0.0,174.86875044410908,990.2812928726335,403.3046581837152,338.8715614465907,-720.0062704674561,557.999493264793
1.0,-139.08681336035772,687.650673602273,979.7903769725644,-812.3268368818881,-610.6029131282809,-353.0045938180019
1.0,776.4804766424447,-722.9732934066477,954.2689225695342,-59.15589072752732,905.4403110525675,740.6433756383985
0.0,-717.3005020674893,-325.92646139474255,-143.00719452940893,779.0523090349777,-353.22042618840646,616.082893501118
0.0,-563.5603268844075,-90.77930397397552,35.55222185722391,827.9088766330854,-61.28951751540865,857.1472427794631
1.0,942.4898958502731,-727.2591341634462,-167.104091977547,638.3747690186599,-1.4063629212357682,-927.7219266750354
1.0,-468.3606324415101,-734.1927275465582,944.3741139017666,-576.8585790518896,-772.1563804425684,-158.25031696485632
0.0,-302.593119536166,-386.3730949007305,618.8334106385362,79.02879137518585,899.0875115737529,-52.41499649811976
0.0,180.46111579653711,-142.58776993997935,654.8740908428638,576.8917927150085,966.574875898558,773.6692960440448
0.0,533.970937907294,120.58811688563856,-731.4659548110429,-611.9146013785257,-454.3597236314864,757.6391898790489
0.0,465.86050764792867,885.7180749608149,270.1661346304945,-201.6756944697704,-871.70831802817,535.1497539243064
0.0,233.36855850481788,48.82648894183353,-190.89110463380734,680.8823579898246,-776.2202683628394,897.8388150213909
0.0,-469.1942227378855,370.97562688455173,948.7414448413438,-389.9220709804632,198.5071448317483,573.1834404176109
0.0,656.5226529040797,-725.8391419743205,-345.96028355276997,-376.16084829082035,-436.712316997578,-645.6831987437995
0.0,-37.94908111617781,-80.34276355253178,-31.13955111386474,716.3891980109274,355.6517896063617,549.6758391820138
0.0,259.0511653645376,917.8632209866048,688.6482729451184,-265.9654097629236,-718.8752422207397,-934.4387774076426
0.0,-911.6308016989705,446.72011844479357,635.3868025829593,-356.1038204127341,833.4208616870053,-597.7542896120854
0.0,-234.3026444566833,532.6163194142587,-655.5421340178644,-855.3466326505035,-68.0203150567138,493.3020771096494
0.0,125.7062700236338,545.4969013241218,864.864933430594,-638.7124703699787,379.55932946468215,-995.2576074346496
1.0,448.8116724873737,-976.322533807303,-349.6024273609721,-640.6677440266658,705.1884966560053,-762.525629235467
0.0,474.8245413348418,153.25183756656202,-264.5579497523016,779.5973190300142,478.74572816195655,-469.5103599821375
0.0,-20.636421960753978,16.86661784482021,552.3132898232748,512.528540373444,-2.4030837140740005,-981.5014841106871
0.0,-553.5756208823686,-507.530428415923,-38.59068881836117,-134.46402601474824,-520.8689449989308,-309.6870669550617
1.0,-768.4436227144797,-488.8067829097564,383.5290046904472,-829.3608687687224,-281.92317724814825,238.30979875437174
1.0,-125.60213258436079,-544.2893596806229,-532.3956555185862,-760.7385675749874,-656.9517302485003,108.00900483590863
1.0,170.27062227207853,-699.3597782645957,157.49522331053208,-719.9099736704145,287.3888923158747,997.3712344751866
1.0,157.83316352857742,-822.6946554934838,11.248021056001335,4.529943784809916,198.35527177849417,775.223422911404
0.0,46.423871555728056,636.8079310304836,48.08506638290169,790.9429735460872,-481.2496469628446,-367.1582301830905
0.0,347.10466610453295,752.8477341362309,747.2735849498022,699.5451348047302,783.667375194279,167.2495977615722
0.0,796.9873950372244,18.618131702344385,435.6450754385096,-760.4499918211213,491.9705460828329,-963.4631971597009
0.0,764.0668424834068,-971.431376156452,-786.3313820351555,-813.4890660045315,-452.6639540881321,-495.9837390785773
0.0,-153.18560110880105,431.0532304661615,-949.8817512418516,-218.54447071178186,-777.9867139429741,-581.8107837528792
1.0,474.0106299901163,-702.1432884918171,-255.21078728376585,-468.5667715658026,-527.9013599134584,353.4523241857412
1.0,-926.1038141261103,-903.5847037009656,-23.155520025283522,760.9361639653396,-258.10720630081585,728.4701143175062
0.0,87.0941917553805,70.02655696303873,813.2089031665457,248.0731186606738,785.5502107889313,-933.0983453416526
1.0,-135.41910549937427,-807.3470257990721,863.0583645787194,51.00361126199482,492.9473919581869,-334.41677502087236
0.0,-717.933117572458,912.1417514376435,774.6273142245602,178.83859206112515,-755.2033145853543,711.4222474171847
0.0,-897.60944144469,107.56225455416643,106.23889987692905,734.6306191719402,257.62106374522045,-270.1790223563554
0.0,639.4000236908389,755.1445631152897,907.4878244006447,705.5904898551719,-215.02794861889686,3.4304703866589534
1.0,55.10197761661925,-456.00609221995137,-437.9824445717311,-543.4053658458497,281.838576866169,101.57684815030234
1.0,-7.6082156518377815,-816.491926254161,80.66578178485133,-37.32307710885175,684.5672410412426,583.3050850510704
1.0,348.4932672337968,-627.3475355693076,-503.8920575140213,539.3507481590186,504.7254171927027,-685.8077048928282
0.0,-431.6933707873236,-102.01843831778729,631.6878089527497,147.13732403554036,558.376885423877,-239.00317957185973
0.0,-279.48873348298946,196.3473892582922,-315.6970237718641,-333.0815149770592,146.9217875271613,703.9807572734383
1.0,540.188416235517,-871.0572511988942,870.3545889684624,-286.0885013558243,-846.931269960393,-538.3940740752997
1.0,963.3669406136357,728.2070391465309,-468.3530430399725,-64.5971502307932,-132.0238621164807,137.19999543745598
1.0,-213.50327501065578,-357.3941929567293,-846.5122578619038,-661.5019159171206,67.41430191596942,-948.005367456253
0.0,-116.23182727410699,-14.481494602250677,-83.16976226738132,313.0649069617948,-563.9439207496895,862.9608076260465
0.0,-927.955153827341,306.73559758205874,-602.1806907254177,-799.6887967829998,-232.20022846188226,-786.6222473114135
0.0,444.50649820089757,-139.82066785757524,-25.92592143428999,-997.8048975421152,-671.317125085799,187.35809008287242
0.0,249.49071908574842,907.3741935468984,69.18287755865708,97.26376709511965,688.6530005628285,92.6884149859709
0.0,600.3835423227983,147.28264053818498,-840.3153302743838,618.1213763972232,711.153310382296,-709.4830017648093
0.0,778.7375571516357,822.8300546958467,-790.175950776148,75.61818675586915,557.9444315864923,-482.2044999252555
1.0,969.3235786511277,-808.705670564897,-723.6845411489048,18.722452119277705,-615.67008807817,779.6908675424329
0.0,875.6672956235068,-355.8653269884679,-770.8763166992278,-43.89663260556006,-562.8517668760544,-519.342550855642
0.0,728.1529615958143,678.8511380419575,-561.8320010292439,-809.5035151201096,-530.002698296177,-278.61526637292377
1.0,-62.84132118243588,-920.8083816435093,-829.4973743703873,190.3980206267163,-894.3652278159997,-926.0956917730698
0.0,21.272581051610587,959.4367545798284,126.9083049665885,601.1482406290133,-580.4872393040887,-750.0630527375324
1.0,801.1126886536081,861.452494359012,713.4135213839804,-145.75811831720523,-489.92219577567454,612.167096024494
1.0,-571.0972152933882,-745.143106575651,395.33235036823953,-877.405877759981,637.4746772962792,-812.8691359247841
0.0,841.8601285534176,297.9112705920163,65.22295144284067,944.7599114285156,232.59750373616725,575.154963499356
0.0,858.5777095982276,195.50933406110948,-791.8003743272445,-991.6947956543463,-957.2186416739021,-375.22847759660544
0.0,528.917477138767,-541.302639225534,-218.88216926393648,404.0891224809375,515.70820649453,-232.12721848553315
0.0,-377.32190977648884,37.27936474856847,-63.329978461292626,128.97704766986953,197.6845250739284,363.64182414905827
0.0,-82.45581383158515,38.89124480791838,523.900379361369,-510.7375928688556,-655.2232430853101,-282.0993268363943
1.0,274.96106056635745,-552.7661215563965,-754.5947354836435,64.5736894895042,846.2667149571198,295.95157803546067
1.0,573.4306684727426,-301.18010224527984,-844.1051932295306,-715.0663553367731,-892.4956260528971,503.8001267351715
1.0,847.208838248692,-367.0674388225501,-165.15963046462036,-827.6633852121904,676.068757467061,696.8322755938918
1.0,120.1847524459763,-902.4412102593276,150.65448435091366,-146.13760471329692,-618.1698873464028,-882.6098845054939
1.0,-520.719250990689,-503.3252581319954,309.92806866224987,237.73784251355755,465.03473254785195,237.47823518165274
0.0,-636.9387195334818,656.9481884957415,-40.737788219085814,-103.82706875620067,-294.3251653664927,591.3991184001318
1.0,310.21554736042253,-403.2493379292183,551.084182291668,622.5024811947421,62.337156455192144,815.4889713205187
0.0,2.2504273231718344,-44.96773665161129,556.1237285439056,-256.3213425524186,-766.6895425416253,-774.2652930540066
0.0,112.97538401868269,486.8624325038543,506.6984517088108,204.31638597980304,970.7057054281875,485.09122876513584
0.0,-611.9009297678358,603.5822255717305,-315.4863986724572,-118.17289477320764,-603.1523826628458,-52.770293059698474
0.0,-4.913647741389127,-488.459230920983,-831.7079274757502,-982.1193877245473,28.77306500005011,-353.61168410659127
0.0,-115.157132088352,907.2699632095271,-785.0893662216083,840.7087179605994,-873.8807518765011,537.6614750190638
0.0,-361.13032505631054,-303.3344353003529,378.74135047388177,252.70206135251442,-523.3410843138972,-775.0558833401744
1.0,-888.7780286832327,-753.0431780991227,749.7583347182015,-361.6684874580544,324.44161027935957,118.6404138576429
0.0,699.6691758412587,-238.55667732037466,-291.148632431564,-340.21564887243596,-527.5512263321316,65.70250153106736
0.0,78.75056140501306,210.36004382174087,567.9232795127639,802.661706394261,-852.6447823918155,54.405843786794094
0.0,-13.21835533902322,610.7840436367999,223.7591346743627,509.9180551571246,-115.57361223670569,263.50602607630844
0.0,385.98005545592264,-420.78309318679817,966.7544639509538,831.3392180195747,-52.03533267927446,-546.2685386870758
0.0,46.90772929629202,385.8023470289161,718.2706912297397,-32.29645239964225,-382.91435022883525,896.9728888282662
0.0,-680.1256681344358,341.05130433693216,467.18902005540326,966.7608847146782,951.4172610456906,284.7293881067176
1.0,-17.246533384408735,986.778011193145,609.716639608457,-902.9750363717155,-140.8079237734703,-151.84706081614775
0.0,-303.8326975506553,552.0023210550012,155.01195075676083,-467.0743090615131,74.39024608257614,284.26928733346745
0.0,-131.0223692834678,492.6964685552118,-33.80265718891849,-472.0302032035619,-431.98524395074503,-159.43683368985023
1.0,888.5596327460421,-247.5911828789341,364.5304566520192,74.75071875458411,91.07488077953485,577.4068871533023
1.0,658.8139969645395,-754.221388978292,-197.57720746216398,-271.9288595350205,55.26094196463259,902.3827566496013
1.0,-207.49730573576585,-972.4833424775903,-565.6445623134521,-926.5335984052618,585.8482187856871,457.94899879114905
0.0,252.8268992556316,-783.1788563042696,686.8580821777878,854.6133247171704,271.5725163389791,-88.43947856660827
0.0,344.2429638139629,-236.4936423415478,19.750579692488145,264.3851602691318,4.3128728425001555,150.9275172421801
0.0,-910.5828669893781,316.1464230036336,851.1112952281387,661.030188309305,-417.8922296916072,-263.5020835172488
1.0,-898.1554480857976,352.3167710778673,748.4951163076025,-777.4314845598802,-720.763405013269,-373.32277200089186
0.0,511.39071531818377,278.8097609003189,72.92756498999802,932.5004246747774,444.8909664074549,-132.64643519967944
0.0,436.95914916539755,-485.1758310338188,-736.1727144494894,-886.2585285118412,-604.6960594823265,-346.8617688090501
1.0,26.95228338264178,-209.22857315605881,247.95480792257104,-964.4269160706635,580.4135171477999,219.49985587287279
1.0,289.70359364861315,-749.7112263149232,-659.6300657886935,25.798308732992382,589.0352760776382,667.0938575084392
0.0,471.4411495372319,421.7066256815194,-295.63099357505587,277.4224185873127,-493.4862292551021,-261.90632786714366
1.0,-150.1451048770448,-989.0926248449767,-440.7783944196226,175.306323838651,-183.2728207463308,61.51958450624079
0.0,524.7732737516567,839.9640277785663,791.8971459068848,-15.915940058960587,-402.0129883011763,-687.5011470161678
0.0,111.64462221929489,617.4334604668022,-699.3853115525312,-740.5584344787048,797.3833434310723,469.93231558044545
1.0,253.64889697226977,-999.17579092558,680.2693445964376,-500.5308547187226,658.8033855391914,-65.5820209030777
1.0,871.3519445037664,-141.0952926047098,-226.17385115518118,14.882654390315793,747.4131416724376,939.7990987937044
0.0,627.0664358524912,595.9626902519242,180.78576757082237,897.1439087363894,-49.07179512906316,-951.7767693369008
0.0,-897.2123192012524,801.7576963948277,-127.9632902766607,-536.5733463307329,-117.45736294030371,-420.46281323754454
1.0,-645.8733882028002,-720.0735863949708,-650.7820922885492,-343.2081120381563,-940.5384094615061,-110.47077987315083
0.0,887.076589916551,-562.8280918087014,-817.3554596173715,83.11485664644715,-346.9737148092163,-60.81398477012681
0.0,413.0902808596727,684.4093234097984,-83.36604523746917,445.2390520318768,200.29841514409532,909.3883269257374
1.0,245.57414910163175,-958.3519436859514,-679.4115413404922,98.58925234905178,-561.6820513192704,76.99736072460087
0.0,-220.59807811254007,164.88989343155913,784.071790563617,-730.0672809390933,-972.0683585222283,604.2648206412518
0.0,-171.2648572413333,-546.6528946717095,555.2139212055945,464.33250895818037,477.7931530769406,-731.1055828911002
0.0,932.5426688765394,-651.1507400591374,368.3759232338416,-64.07636846451919,332.5551669030533,-905.0197548854271
0.0,-990.4397407564198,-254.04871881138672,-846.7356924814313,-502.3766020283298,-301.70114234781886,-923.1596071201859
0.0,-845.1028018100193,448.0192188101378,443.7050693201036,361.35028077067636,-437.0047598660127,-171.08705893737647
0.0,-181.46349012088467,660.9116982096114,-618.5571332601278,34.72644947330559,-693.7751413035935,-949.4991737760344
0.0,124.7078016673861,183.89035426134433,-910.8597686995872,746.6185773046864,-633.9458670955706,477.62109117493515
0.0,213.50344492905901,993.1823607426434,757.6970956853861,521.7245190896206,-244.41198784549977,136.04062900435838
1.0,-628.1610449052844,-242.57031234910892,921.9461594247,-613.8833109110055,499.393207940529,84.93573503976927
1.0,772.5578997351342,-813.2275448931796,569.6981918726444,-62.04648011764721,719.156199897815,792.9178909202076
0.0,-557.0937567389151,-726.7308930800714,-266.00928189290346,198.319476257519,142.59018504177493,-693.1261323251283
1.0,471.76995850258163,180.09169073076464,-80.12976992719655,-698.8853072919323,64.84558356604066,700.7090327395626
1.0,-909.0359580582792,-457.40244873593474,-933.6874380518329,-606.2776230847602,954.9564328046395,607.6700503269496
1.0,-116.09501999036229,-523.3764941848174,970.5657385874708,-382.9689130819934,-306.89905849853915,138.35670404785878
0.0,155.426657540085,227.9730044713874,-739.4117760286435,435.0748135611316,-754.888343953225,-611.8402844057855
1.0,-71.70421152289964,-783.3385582879429,-739.7331476685426,348.48828435654764,-277.2665019262348,794.667917094371
0.0,-580.9593556527939,109.34433661619596,869.0482715655701,-268.29950021088393,-553.7685778594268,-322.97118990256286
0.0,-550.3151920360631,-315.11170344373386,523.0231702278516,545.7097440598536,-701.9375750057615,-373.4182842407903
1.0,565.9710167600754,-861.1007821233787,319.3209680851328,-134.49718270700157,-844.874871063191,-223.24418874726598
1.0,368.5568763041931,569.9255051277378,-627.450130349356,-423.23165139496075,-212.51313407276132,974.1587658450917
1.0,696.0473207565083,821.7954189756772,-516.0754658439473,911.8391806662655,-771.0581652883126,482.3509825414651
0.0,400.3575826374861,209.34419643851902,431.81428745996095,768.9119544632379,31.197393014561612,-29.45569576296964
1.0,938.7364764828881,-445.3573070538413,-561.4048838607616,-496.53993584305266,803.2384889435641,-647.2312568066886
0.0,-621.0758697743456,5.108232325914855,-902.1087043261265,526.2363994642858,-170.46373481238788,215.73270866339521
0.0,816.9297601359281,88.62846501113268,-227.02620853913277,786.8747166601647,296.715923472595,-32.25717240053541
0.0,-250.56689752517866,-202.97296019749035,-905.512763652331,-69.99016612075559,-156.7575997127442,-828.6861698309738
0.0,358.8079087476535,-484.9369718141796,701.5104381539272,-104.51087149524051,915.407240188059,-766.2305809823184
1.0,481.07894360158934,-564.3588294123588,497.36988148412183,-896.8217548119657,92.1271772198661,-491.45931311867616
0.0,320.4822129054062,202.93782080604296,539.3935101412721,-65.0330361544651,-974.7819464234314,391.03472392258027
0.0,-528.7423776110378,836.748403422042,-606.5546153156181,-772.963996849318,73.67076798361995,-111.42968590972237
1.0,772.0962867435146,176.50218208947308,-907.0038059817889,320.132768206121,-607.6523663437243,-133.64025993285588
1.0,-600.0672676086318,-308.25673962286817,538.437070012872,-785.3652903747679,-261.2404174084886,-406.6561904583373
1.0,-92.19870193215013,-432.6369009042785,782.5617145512163,-68.504023437657,-582.6666160957486,723.1588148847986
1.0,961.9332688705358,-896.7232933498657,631.4656318337509,-754.7952182691397,903.2475423710885,-663.9934729405337
0.0,403.59020568186565,-792.6639874704102,670.499801923404,827.4827464146058,939.2596759316527,99.45398835270885
1.0,568.1951285836401,-607.1703349861821,180.5420717740492,-847.0699231113281,142.30366548482152,402.58794424628945
1.0,-873.5311824598163,-281.8955482938512,459.5400618933886,-774.0518105759975,485.15404192257165,-722.7944399348048
0.0,375.86544498284957,797.0160219916261,558.688423873032,-909.4415897081876,432.5996861143028,-387.56982753798127
0.0,586.2485950923522,-474.6990803344387,-937.2337096248897,-592.5854440455284,-988.2041793423302,-166.00494561720234
0.0,250.9016891674023,430.4424228143739,260.11064433506635,-611.4902907915914,-75.82770410649277,995.8967680228263
1.0,360.3044763212863,598.330740570937,-516.1231401954533,-900.9808483777781,943.158126265293,-187.3877896465392
0.0,-882.6876511897303,959.5260437361333,729.1885951944712,-862.0796701340967,1.2264203083540224,769.6514096050803
0.0,649.9545068514483,748.8719597592174,-835.3049674784911,587.1771028291475,-625.4784756187503,176.4806999368434
1.0,929.9697498143271,-810.3795340744249,506.56039521309685,-710.1937059781078,-540.7375802428047,77.93349456620285
0.0,752.3953001293767,956.1579106734832,-533.4858912075368,359.90811348512057,214.57267052428847,129.50575794873907
0.0,-798.1112650119564,-694.6352455680358,-365.04766664132933,989.5412273836782,115.09966000961685,-589.3320205279726
0.0,766.4515529103203,-311.24996061756826,-461.5386550196936,-607.2610728628254,-305.5609574585119,-160.83907682621464
0.0,118.65614837119097,648.9618282075603,-94.35306174186667,-977.2825299236947,-695.9556397243059,508.202880633198
0.0,-299.45806567619,950.6828889876506,327.3730957056837,595.1191734149904,-63.11096518784211,713.6620778661274
1.0,-223.19286782568383,-949.491070533929,248.57967022640923,301.53101912337365,-960.5007799705189,748.248829189245
1.0,685.6548264738008,-717.7550204805543,-772.5773773558094,763.5995759424336,923.79291513921,129.87762809287688
0.0,940.2715990495938,104.06946542402625,746.5161689309041,-399.69274286088296,901.334920700695,-671.7917879758257
1.0,-874.7902802687709,-175.11166470477167,456.40860382696565,-551.1630094405298,-816.1358398127834,165.37732937895794
0.0,-406.05534469733516,841.127928841765,927.5276982886717,98.93156952865456,-404.083861866867,-911.6454243242296
1.0,1.1642433326917399,-968.4588047081754,580.5496036672623,401.52197770442535,773.8084865285755,-824.542498494778
1.0,400.99237743306753,402.64268787885703,-775.7120834578761,-145.73488078300124,539.2308516518747,-14.908749633780985
1.0,584.6859988760718,-780.0720359168698,-694.4189111659836,-628.7880679000384,-482.4669167829645,990.787133220543
1.0,-652.5584823803651,-286.080775251565,-23.052856642765505,-748.2772765090084,-374.6540633000636,730.6568217010972
0.0,681.4245323073944,-16.10856532553089,735.3547408557963,262.72793124537975,370.36462063321324,-947.5842819996124
0.0,-600.0436828759323,215.36641426494657,595.7815867351067,-690.8323954394968,136.09529412908364,123.85731011451048
0.0,-812.5876647043269,518.0526961984754,-561.3492311292873,-937.531948552091,285.11829251680297,335.8751565243699
0.0,-686.7532047963925,69.4184096902352,-857.2455434123656,199.78159940868636,-817.1723386767919,47.77290283041748
0.0,-354.8476023497915,443.9566319630983,883.6596949726986,641.687937227628,545.1021727339555,44.25488441753146
0.0,-472.2886360574712,622.070608929314,626.5431637005049,-347.1167187591726,-521.9144893636487,-809.0427665784963
1.0,-9.916999722980904,45.57743155070193,267.49510577764954,-746.9239577137353,618.6808882197925,-188.14433294757737
1.0,437.42159697261354,-889.3076220388532,190.26653655186306,-514.17137028817,519.1968260208505,107.64155034730834
0.0,879.675402309734,225.23618589741727,-470.46135249670454,27.4882782624029,975.720046751157,-900.926347257493
1.0,-817.8895052807192,-646.3964493085219,155.28260284997077,-387.86036120586664,-638.7367740820698,-412.49774956003546
1.0,703.2346086550879,265.2005205377677,900.756763535328,-521.2246872660303,379.7422689979553,864.9432157206547
1.0,-377.94318030690306,-117.77638853050769,218.82848051417136,-807.4003855097504,-502.16918648472245,-325.24730028335273
1.0,242.78977686349185,-209.09496629424257,73.04530514364069,-478.92820432680685,-561.9308371747416,836.3225835786575
0.0,-982.3935821031939,-101.03106914678904,-538.9956564854106,26.704459279324055,-562.3186631585364,501.40800874253364
1.0,-740.7444616298598,-324.7008434940892,-564.935616804287,132.55010085593017,-763.9244073077903,550.1336373134873
1.0,224.5360405045842,-506.651463203287,406.50743432045215,-756.5661763815222,-613.8424886327732,876.1185699812008
0.0,-892.0953502252021,12.816748926592481,-726.6933192359963,166.56309322785864,745.0635084426324,81.9589001350464
0.0,906.6064630617582,430.4417703432623,-969.7418754442126,865.9858480321709,-381.90622539287665,-966.2137120005807
1.0,538.35548807908,477.8462668150946,361.6924379963539,-969.2993375224075,-722.2190138902629,-985.9834852934812
0.0,319.84995025559283,-155.94961910407858,-963.4624699239067,-583.0763350913562,-469.8752477251818,-919.7116804778574
0.0,-369.3061824341288,665.7591359477883,-894.1514563216923,-371.42733132894307,550.0142841849872,-901.2341333792768
0.0,-432.78296387804846,829.6214066835696,908.2047757823912,910.3719492405496,-486.6491533403115,-638.8474992927529
0.0,-980.4754892229406,467.5857287538279,-566.5264078509624,630.0375562764648,-389.08688689813005,56.56197899398035
1.0,-625.1901287446135,-194.27103826621135,911.101720312538,-90.1628429723122,521.6746177967434,136.90587276216547
1.0,995.1338142477578,722.7392101410792,457.633228168698,-585.8444697769531,-960.5096216795129,135.63456376561567
0.0,371.55075803723,318.7661141759372,30.992409543929853,296.1303933271845,151.51074266275032,-435.6959550921373
0.0,-53.257671504153905,-421.06145707958717,-293.84212212237173,-36.16841407458969,624.5980683292855,-722.6574690961922
0.0,-117.69120041903864,186.74076093733333,485.36988074199985,14.863958597469718,-330.67147855762164,436.0566801210398
0.0,269.04199299381526,-826.6862381479593,-42.64565895596024,-408.36282887896846,-856.0838374029704,-626.2674028168605
1.0,987.9389671345443,-979.1260601326987,3.627689083232326,67.58044909165892,-742.497013123224,324.06748294487625
1.0,-918.591411004612,-645.527088271373,227.193421643668,-486.83518915623483,57.115799786784464,43.779125854120366
0.0,-408.243606881892,-568.9035116587484,-915.0752000213307,-24.418104115522056,-936.1509459854565,-646.5830388332249
0.0,88.98006178567994,-465.9872993579926,-290.44028245150423,-764.972394709851,-113.09778962199289,-368.84648762242864
1.0,-979.2658896578823,-247.87063701075397,-166.84053057506912,-328.3225441030262,-917.7805270357961,520.1380145928506
1.0,-215.2307785583463,-831.4234719861478,367.41296694872744,732.1928536008306,-980.4971869741083,-767.7503506049237
0.0,-778.4903910820512,752.156147200941,-954.8931127544121,236.39471613289402,-339.4222932368302,432.8694710691484
0.0,-722.2442712768764,-448.23502100748124,-368.74113149067523,-67.42194533012105,2.835199578677475,-105.17927924717196
0.0,967.7893819432061,-39.10880349585909,181.71301466624982,517.4052896681883,-420.09162390803965,-421.0074100347922
0.0,696.8722041715455,-556.3219046111052,403.0125848739758,3.7591500892328895,135.7637810362137,-699.2027453951441
1.0,402.3232250071196,430.73027226786417,-469.09546004496883,-824.1299282315144,225.87807802081807,853.8412885281366
0.0,-141.69946494086116,-554.5316066606647,-84.6777573472823,375.23200011810354,366.72928028635397,-692.3090187203725
1.0,711.5268111030243,-935.4656216335707,-105.78219143678518,420.7945803165303,-948.4008190356585,141.83664079106256
0.0,497.21466033992647,973.3525149093996,809.9709150144672,426.2380427459507,286.0147839974577,728.7447010937124
0.0,447.9761898216593,-247.19642308881214,-256.6201324679198,157.42594471137363,164.7636458765926,-544.7536062126761
0.0,905.0177646405264,845.5686613693997,60.417482043211294,-330.8914516941153,-153.95931991719908,8.51627154474977
0.0,411.77097646993207,-534.7417277311192,-197.63653666901735,88.71962463609793,689.565566673396,-399.61700142596567
0.0,309.6870641993755,565.5093336618806,663.9925255140215,514.2569731636961,-719.978061932782,-598.8753607181318
1.0,40.2705033202983,-791.2328766564547,-627.7765081882942,507.62844094969273,-468.2081924589718,893.8368663593267
1.0,-425.28086090293925,-215.9980412122777,466.52951628470487,-821.8963364297649,776.7771166932539,734.0587099543211
1.0,-18.867559387485585,-561.2900671044686,-261.0368182378851,-959.5232753988072,297.5873186911747,37.125906943501604
1.0,-175.983752340995,-479.51566751855614,590.810944457596,-399.88893600964184,-935.0429527238384,-905.9063249713884
1.0,953.6127040113502,282.28855353407494,-718.3055993338858,864.1973912888113,759.2713445029783,825.7955261779114
0.0,-907.9737755170759,542.547228509326,-291.8515758452487,372.18094701123664,144.46188398582422,630.9089239085813
0.0,727.4094452428265,611.5401689950259,130.50375710348203,-446.41806344106703,-662.5138153575965,779.4414483188427
0.0,389.42339149291456,833.8399122240558,104.23254831939721,-821.3177936453608,-602.2400099878242,432.4022642095756
0.0,-293.49141087644773,589.0495991149155,-3.6128361452920217,-808.0251932968865,643.057749935376,-635.4463328363275
1.0,598.2244129387441,-644.1951155121726,690.169386076841,564.2298580287352,-248.43955768234923,984.8153873555291
1.0,-476.8880587803701,-186.17682099067133,93.42214859717274,-188.85774503101754,871.1435274240812,-271.1961234711573
1.0,-416.8682765984089,-908.7897566251575,387.05342353005085,554.581731106688,375.70582416409957,-984.4754788335113
0.0,-55.66278300652948,462.03926233042375,-401.5170757969993,890.318001273863,65.99300373583242,-448.34539479008686
0.0,-63.11085432814377,789.1543250301222,947.440711592684,-345.4870621750548,475.4937937345883,255.5885323238051
0.0,-183.94288029789664,262.77837356955047,-533.3376135275846,542.1835276175007,219.17945611788446,-134.17204671144486
0.0,151.33739250777217,965.243345927863,-367.17775089203326,-856.7559386944819,355.7377883618535,393.66095217266843
1.0,515.3073177155318,-0.6890605375652967,789.1387077848146,-44.89240263212071,-836.472658824066,-947.6193569033691
0.0,-524.5241256302467,239.7684606828343,71.7505102592595,295.0828331666305,659.483718008024,-468.9466478698365
0.0,-476.11382139637226,456.6413568194314,-715.5272833744973,922.5610535327826,591.5652856357692,-434.9431667132435
0.0,-50.38417684664796,-338.840617496448,-265.1582346656305,-574.7410100023119,-48.603639335951925,-747.1210404407907
0.0,-39.43453843180134,953.6485694430276,-103.38005934953082,788.6275925281495,183.40012453352506,-990.2135087064565
1.0,-829.7156809436515,-126.70280141006901,842.576666658473,-984.4733188682146,57.860007852034414,-14.327474601065774
0.0,667.277238594276,-247.9584899905425,-322.9765693515885,923.9152642881347,500.3735832292575,-284.45427728850086
0.0,329.4728021810629,-33.16770115696977,559.4640970274515,763.6194903995076,473.86847058344665,441.3759572285753
0.0,-544.6930867351582,295.76364452915664,777.4049526468564,-801.7840181819729,181.40647686513717,636.1811059568699
0.0,-92.86383598360021,237.7523240024077,839.0719114443148,163.28253158246935,398.7314564621536,676.5715109491452
0.0,-774.2531917968442,-964.332956308293,-231.5770299879913,713.6778100821136,-635.1356991630646,-995.5791958008447
0.0,404.33473767402825,-678.0564494069761,-276.45011625825714,-662.8797882430915,192.6758357211802,-749.7035715508457
1.0,494.49862015474423,-936.1913061656957,755.5843902929594,-416.3371361160828,585.3486872463043,-55.47607599262824
1.0,-241.57368930675443,-433.2193397956421,668.1811525830458,-593.8794341481389,-422.50114336181684,186.55994133331387
1.0,746.7922544155776,-672.5369753579635,-858.3259456448802,-755.3753061521073,419.75656813739283,969.7514125729551
0.0,-874.4809804485611,-189.55564185190485,992.5268926342708,-35.13046224215395,-910.5782805648341,-650.9142529715239
1.0,-207.24092188909447,-833.1724243484744,539.6572609097282,566.1495599684104,217.23052822809245,765.0486094044443
1.0,-256.2373697091971,-319.8790945368803,-542.8568407847036,-305.9392900529509,748.2724973142838,358.32195014613535
1.0,923.2477710099008,173.6266343808402,-667.2226863644106,-973.1352658295013,-138.80579074277603,515.4908309576483
0.0,853.0851969845442,130.03811485067035,-472.27757028226813,548.8817251360067,-30.688961989148424,231.30519276760174
0.0,-49.94552023610947,-206.49625326463774,-311.62905353928363,675.9309129465762,946.8120917603364,-493.74658710402343
0.0,-28.93132641240163,-216.80505695618297,926.1623304706461,332.14120004041706,-764.793192222518,730.6259908333368
1.0,581.4359733449435,406.2629810087244,-651.6906804159789,-559.9648541761721,853.5843678494098,76.40090198281723
0.0,-659.9309601751195,-483.8514945945087,180.88147153599652,355.7508216601152,-978.8443020455355,-390.6487354717593
0.0,59.979160651837674,-304.09976212156687,-680.9985786181942,533.6992376128039,-937.1865296174755,-995.0579255700156
0.0,973.9100412505929,-898.8667420566654,-363.0815393256115,-998.0833853019651,-978.5937124607731,-805.6854465978207
0.0,-900.5231657234758,-646.8455845585365,-262.5138752566081,515.436815769445,-516.0864602523001,161.22091368799533
1.0,200.8481772531445,-733.0578583530547,711.9124225244882,-177.2883401162104,806.7904527976384,-915.2787848614039
1.0,154.56388789523385,-654.0778049604992,236.19483534390815,590.4752175650215,-618.3554549253412,-2.075192953806777
0.0,344.6108422475395,-745.0408257700294,-100.11201071280061,-843.322698957303,-232.15862342999856,-749.3209065342401
0.0,-582.4780648212369,976.4170013273861,-328.63031887589636,-722.8800604855335,-482.66347852968033,181.72470842438474
0.0,817.2022871515442,944.7442835123645,-659.371781217257,-294.23500625978556,542.6542894170107,-393.0171529751907
0.0,-482.6870780229293,994.8067111947873,857.2785703548132,-163.6257102270922,464.87855547078016,-401.36066738857835
1.0,-474.5041064991715,114.16326319225482,-990.798248029787,91.74624800766401,875.7014157933975,536.6067562852754
1.0,711.0777169237208,240.04374809272213,-56.519459394227056,398.33274970822504,-166.45936109480306,853.4745052968913
0.0,91.07777581430673,421.2368088832493,671.8488417597941,964.5253517212811,351.77402735219925,30.66846112903295
0.0,551.7093711046255,891.2792422801617,-143.798578509688,-342.0242657174888,920.2760413501437,-652.1836340205793
1.0,-391.2247531967661,-923.0571083818095,-795.0173778327598,-474.14454916478155,-284.5968128022058,-700.1940924461092
0.0,221.29783841395715,-637.104499829293,-249.5724137236532,540.2277583923455,-780.4650894422,-578.763962772537
0.0,107.91028635168936,975.5177990343911,56.1867143771226,-718.4558614889877,827.7124513985841,-629.6589879151284
1.0,-113.9915120638866,-570.6437638425546,-564.9792252091752,-29.61687311086564,-219.48194462353058,891.3755009962263
1.0,202.20117919442714,-971.1146597111016,-393.4253577130331,-534.6597823973573,683.5719765442734,295.69363073730415
0.0,-311.9482630243524,172.22392369104477,611.0114756904204,626.5053998731773,367.9876972845768,755.0431566447098
1.0,278.1895531027126,-762.6323368438807,616.3426072300035,-694.5217276618876,775.8588675979915,657.8304721715879
1.0,926.978643463653,-684.0344408959731,751.3512582863382,-481.1730533822805,-249.77528979328372,-152.83765278415797
1.0,249.9512419634966,246.69280293792872,40.959559328513706,-862.5138100576395,86.90665726877114,-156.99118696562846
1.0,245.45435683313463,94.34324941775753,-537.1928479787549,969.639705302629,-675.9857948811443,741.7354701840002
0.0,286.1301821470429,418.2168089959532,-803.6279108187773,260.04850927778966,578.1041043803484,75.92729716723579
0.0,672.5921646489935,335.0520487312551,739.4931286935816,409.28439848128755,48.652018613046266,943.7998980960249
0.0,-111.18059445853646,358.04081529602286,19.152515517391294,979.2663136891988,26.68331205825075,-354.95739589804725
0.0,602.2229601479021,299.59520423817276,836.5905765780494,-344.7037680400764,253.67952613348825,-967.1742276321067
0.0,637.7910165891217,844.9726793634854,637.832902469939,-480.4485810447569,254.76754928131368,293.2610573048214
0.0,-200.07400909284684,420.22390852631906,-756.7265003438699,724.3402980258545,-970.1421413367717,-469.2079576577961
0.0,313.99742387847823,-558.3710766866914,259.38962068390356,-681.2506182657662,-910.1574876543461,-533.9889080920386
1.0,-540.4034141001968,-668.0579772545816,449.8551302712576,110.3239643675197,-504.344581570457,52.5961007017836
0.0,321.26696096602745,-907.547398219187,406.3270078444318,-593.0332564060459,-852.2681452902261,-867.180601078416
0.0,368.69046250359065,338.1275661753532,508.3401755073046,-193.52805573188596,515.7141448685072,-873.0426873914348
0.0,-266.1035987781604,237.77770231906675,-820.210831925624,-744.9669684406663,297.2584748576721,250.61621738962185
1.0,-604.3266852496001,-565.0620210865762,-62.24316745452654,999.7745559401487,731.3162378218342,-256.59564080220434
0.0,-617.9363106253275,522.2187262057571,844.9593106964392,141.2569654033623,-919.8667188578534,563.2033572548173
0.0,933.2217043528858,48.02930026889658,-631.6103248725067,-232.8732607588198,859.5728162643268,-827.6185795567958
0.0,-883.4665211495809,821.8010795270402,129.84159811585164,172.76456718639884,-614.2378566156765,-484.30839022717214
1.0,-504.8138973809371,-859.7619224833896,675.193977086697,959.3881498079347,48.49461383839571,747.1751843901882
1.0,879.7889622753169,-632.5673567529766,255.52143093881887,-968.8504650617822,798.3240505118886,-290.8019206931069
1.0,607.524599878428,-206.5719970196385,-438.33797951184806,-762.8663477038482,-439.23651171386484,653.2823820380938
1.0,478.3695805198454,-301.372270091814,-913.1981098210244,303.8980252157735,-664.1790755416368,976.6782776585981
0.0,765.8645776727519,65.14915594282843,724.7100507736716,40.61615287261566,-32.41405253064045,-719.1088855777928
1.0,-844.5828398178023,-780.4380177096757,932.5414864431689,265.91999850705747,-308.7790650763201,269.8793547427897
1.0,-72.7996531870665,-362.722035528088,-940.7375518523011,-915.7338994202979,-484.8240081590311,566.6326842097662
0.0,-836.9348785868103,804.2586638590456,29.727218044326037,-169.7547972956994,-264.44799525132726,322.78789987654204
0.0,266.8905442925686,271.59544840441004,-46.49102784242734,736.2624598280227,-810.5493784401627,476.262144533114
1.0,739.6083336345143,-685.8686740800837,329.97903144745123,-162.93366928129308,842.6789357958517,305.45619602063994
0.0,-501.7783695003688,124.05851919993165,933.8818071458461,-501.392013235725,-13.24028149535934,-841.8894056886968
0.0,216.42998761922036,747.4090600034422,-766.8916665086072,171.8950887809665,921.3347752485681,11.48765783490262
0.0,568.3169697251815,737.6580821886955,-72.28921796246186,-943.1240904847635,-376.81467241179337,-514.1354952370352
0.0,-513.0103718004156,19.08545903715003,-711.6245981918381,397.4652590710507,394.79008115217107,159.3703699582236
0.0,-216.94508032100975,-121.70323632942348,-781.562713605573,326.0797670952809,106.54847493825355,-708.078487612542
0.0,258.9799919017232,-206.36591245428338,689.7089123016399,274.61251926971545,-578.678202335682,683.4792658950846
0.0,-478.47824260568837,602.2850754725391,191.12281645357598,541.2817770072568,594.9424008396238,111.69366998970622
0.0,-396.5894420549656,703.0331075501199,-139.6907794965008,-42.83840990468616,362.9347606922631,613.4851209286028
0.0,-395.42136785568994,767.644656249656,-271.0021355991994,481.9739278578986,-415.791940212167,874.5360061407862
1.0,-821.2811375733411,69.06914345870291,-540.4327683349013,-990.468487646862,-296.87664568895195,792.4481297258396
1.0,871.6839670024704,-981.7324733008927,-299.35438191768253,382.1425813134183,108.78174093596976,-467.85967436454473
0.0,-543.5128914905279,129.35384848226522,689.18240511364,-812.0805270151166,181.37864809136045,66.16587491860628
0.0,832.4051261143481,87.44737580106698,914.0958284874062,396.622323453787,-52.5167638419224,-126.97019343319198
1.0,605.8449824718082,-833.4020461702682,-543.4115664758549,815.5767260789571,-427.0616673802099,-475.5172642182879
1.0,219.38598343654485,132.860939097244,624.8241682620776,-807.1829888854031,-48.35919518173773,-341.9194815685787
1.0,-951.9400937338746,-476.59091640545887,-356.2872160704509,-825.4010028293648,74.00382125737224,-688.0678363908526
1.0,-575.5464530892966,-294.71525396700326,-675.0094397835576,688.5594842801786,-433.7024234925235,936.9395792245871
1.0,755.0518241352481,883.3941060849866,-244.0213878744362,-409.2301147657189,545.3704229265184,988.4621436793627
1.0,577.1825047784889,-226.82635501812115,939.2072520715064,245.87430033300848,-897.1995856949654,397.97440418569363
0.0,-470.9438334719554,-100.71028780788208,413.0471337497804,765.9661370963868,465.3014658455238,63.889936097411464
0.0,-423.62709026445725,856.9246539337919,-839.9002515770062,585.2470590892731,391.01528647044756,673.8629313989159
0.0,-246.7986159536788,-327.0942207822618,-549.8561338576318,-10.7487067571235,333.89028852739693,97.58359709522324
0.0,879.5848890292086,796.8226893025237,58.147840372061864,-57.16747102001648,461.26250353402816,537.8191685839254
1.0,513.1265980845442,-396.5144627855657,-409.3106827415678,976.7801103788768,212.7858632900959,935.6145953401135
0.0,-114.91590404454666,-341.6263212657535,-834.8509131648443,-684.8036488698244,136.20018437231988,-837.6980748585827
1.0,84.56686334481992,-877.9213915930884,24.40806046919647,-183.9445188608173,-338.11461248885985,990.2432288170733
0.0,-284.775342893872,19.502389943396338,148.7267347461218,-376.0488138052675,552.6041981822166,-113.32569168255975
0.0,123.65527904794817,358.3257109226572,-60.33504298496564,404.1476510651653,30.540142442720025,361.0893409286773
1.0,-147.6194862084419,-876.9704713524695,-463.70716459712423,-204.58506404446155,-832.2757564279668,756.09041482166
0.0,-19.65742628345697,888.7652986693581,-299.36327204870645,691.5767580069382,510.19756705042937,-808.8590352546425
0.0,-211.26053193133544,-753.7007379242493,-220.5536240518204,947.1961202300904,-541.4818198229019,-264.78510463810085
0.0,716.7219035952949,551.1450709278217,-838.4818350120322,298.5425696694283,-3.999368767150486,-823.9896340479382
1.0,-377.71658466183624,-290.3009909102841,758.9806538628645,-762.8212369332567,-990.6332867248715,991.541410466702
0.0,-689.2090872748406,26.30178494648544,-978.9321045762387,509.0708488628177,862.8179067333708,-279.29880585779165
1.0,679.8976675054807,195.30198470473488,-302.1166043532488,-437.7122719150053,783.9829999928809,655.5705462344258
0.0,-415.5596998199667,167.23745866623563,80.03917390114816,-928.1294279710826,619.4786020277982,419.85394525974357
1.0,349.91947174453503,-732.1366387326016,-6.499699987047279,273.8081906380239,374.72640034631445,194.75878286813736
1.0,-419.45206206102273,-517.5134090597714,910.7725037653429,-525.6830005184139,-85.64843202893326,-951.3952530324525
1.0,957.5965750802213,760.9579653243538,-920.5142951537244,903.9239215176428,371.3935881866439,701.5211722787146
0.0,-747.8282937398964,727.1095245588228,80.12366326186816,-974.958549436016,-802.1133618554512,-153.87290283317088
0.0,-555.6917132338601,518.8094807829925,-329.7837734946936,-642.2405964258294,217.67256696414256,101.87877141964418
1.0,86.19042297109468,-502.7461126817443,159.39215933274363,-243.19534953576442,-329.92668256331115,537.8211497830939
0.0,-79.99732381438412,544.4445247444853,-522.8508731317556,-288.08805094412196,689.8852328196276,535.7931411163268
1.0,-319.9821406664745,-848.8529780848801,-743.2688651780838,-426.1023729090399,-730.0130774115603,526.1060442864336
0.0,958.8168055440035,562.7325416141634,-954.7784894826756,819.7698109113114,760.2147894618774,-690.6637780551639
1.0,436.76506692675434,-898.6774530208459,875.1168759659549,196.15757261488216,589.2537519550253,880.5492557679363
1.0,-192.62481549735355,-581.4420703791063,-934.7681452991532,-707.0169147761907,363.45533544605337,102.53131894976764
0.0,-137.3351879871641,-154.93690973939,177.97880928192922,216.46170550858346,-417.4979447154657,-733.7828979805041
0.0,-724.0089721104401,627.5069031783808,660.2168601701756,-733.3989514216097,186.64167420963417,-931.6001925726472
1.0,-760.7851060156079,-313.6081492471716,383.78689632338455,-852.6978931379443,572.6807937711887,776.7842331131621
0.0,-359.1066797352114,958.2781886322105,-567.0278852670893,794.0059052425004,-774.6470785970934,512.023379042417
1.0,63.61829445178205,-994.0955963770863,-495.1699416646527,718.0375496688771,111.07557076686135,-771.425904830992
1.0,800.7495347904389,159.6636230298286,464.3301584361309,-612.8529491553741,-445.40927671380473,611.6513401548711
0.0,-647.7771060602249,122.15531228238297,-664.3090037680053,-423.1387794636852,488.1309874347303,718.0435198485409
0.0,624.6930937353904,217.14616249694745,-30.59081890975483,229.58641634084483,571.0988667613324,-166.55237252577376
0.0,-210.05399552156098,289.11759300177187,717.9851503355719,178.0295160441283,-861.7696589376371,230.49963953583688
0.0,154.2711367781942,638.3554039227845,404.4597842047574,-602.0178101459971,23.967799069955618,-241.14634377866412
0.0,241.2477097436947,120.60140707290884,609.1487567795132,-99.94170504089368,-522.9587879174205,198.32750405041452
0.0,181.68422211214693,438.67148607709623,-464.25690552212393,839.8558276630101,844.5839275494836,471.35466136794594
1.0,508.43004465571335,-361.14076234378035,-33.78298892234136,-717.7759114315396,601.1284980100861,-926.2924589805098
0.0,-579.7764255553421,-400.0277150646201,-80.56295628100793,-447.77749724614546,-162.36452305616194,-897.2980414637568
0.0,-650.2768090601055,891.5176010362215,847.1265359012611,-316.641190070011,381.7894393416609,45.80801931302949
0.0,-161.94772277230697,442.1139325978552,265.33126063161035,-0.07976935820352082,-964.6853112134512,-783.8551813067218
1.0,234.03728849892082,-917.2970721794544,666.0318626661146,331.38148167892064,860.6632992603145,168.9183971029954
1.0,-554.182354568462,-393.23819655774764,475.8326212883451,-316.0462895754313,-369.45733057445466,121.06880256229556
0.0,-47.24842510618953,-417.96012411588924,-987.575356759985,413.9970064532022,-66.03433375435168,-690.1801559955778
1.0,-968.3989259201982,-173.79722001669325,716.543206330273,-355.2588640442715,824.7060143479644,212.76742159943183
1.0,-617.3494794349649,-661.6691245834685,5.255137189839957,-911.6211610671608,-545.3597306679337,-233.52054559977955
0.0,820.0404648206868,783.7167725830368,-194.24787115558888,924.6178319281787,-510.4563039215151,-564.2264718279177
0.0,-772.7427612400073,-987.1958502251947,48.68022971778419,704.0948894219962,-90.15466183569231,-487.5143173145293
0.0,523.3845594036643,363.3991366880746,-576.9710135334248,-32.75842126338512,-982.202353893615,-744.7698112960326
1.0,305.8832394377048,-472.00694114238945,-60.39437826166386,746.3941439075397,-296.4331179793851,909.8535682012082
1.0,-196.5169266911862,-463.1248175099487,479.1419058324693,-898.728941942913,63.79265100070711,764.5110312138856
0.0,689.0847356923753,-127.14021336668566,618.4427340172424,522.1332082131757,364.9703079479084,-192.51103343048408
0.0,325.14154404297824,711.9174519731903,83.85093648035854,-597.7267303733051,-485.9713117978331,308.9816602893609
0.0,-918.6984426037242,-163.71744662752485,136.4962542242206,123.40662608366142,649.1527663436812,167.64946901427925
1.0,785.8553897137283,803.9372497864445,835.0569224114931,722.2156620417782,-696.0021545619879,903.770514814322
1.0,868.7991294502003,212.14938111247852,-429.5630196155597,-771.8362317261758,857.9704397616078,-829.9163844077013
0.0,-260.07346269213394,-646.9819873569445,-669.2270955088231,254.76469287765053,-30.968607015038742,-357.25836124968953
0.0,460.5448032073523,198.22944846360429,412.39450572893065,89.38097281511864,-455.2804277509141,667.3945359262166
0.0,665.2497933180514,915.402044769636,115.24329202139211,-122.29791328896522,-142.03752691678483,249.07064389533207
1.0,640.8578918944881,13.359356445036951,-321.705709117025,-749.82481582339,210.20101425122198,-128.26215453737632
1.0,737.1019020743934,-587.935219782767,-814.8586974587639,314.5481753737913,905.1551667650497,-545.9948946172774
1.0,-87.16945661255363,-463.8264446728389,620.8428762711158,-464.8409041714185,-317.10475380029175,20.65475593653332
1.0,-16.77936469837823,-274.5471855445327,-54.91143832459193,286.9403823177072,995.9060048145652,816.3518611921315
0.0,-885.1518881736657,-333.3796423652642,-464.00890469312947,-446.5615038851638,-619.9433872721305,-722.399132929706
1.0,454.6267064238061,-939.5480159409699,293.5563189308896,888.523555427141,-270.247888609711,-461.1113030574911
0.0,-340.889810867337,-485.0119217780833,345.3486600686897,498.14458408172914,-492.1767955984337,-464.14876825836245
0.0,-28.54559691218526,-754.1207697229775,-563.9407505929488,602.3488174612532,228.10801631459753,-796.4850010059188
0.0,-587.8014353019221,334.2815543485119,-673.2341878810732,-223.07722745129445,720.6356540339907,825.8581465773602
1.0,886.3834829185228,-490.9124099291513,-859.704621830686,146.07616582646324,849.9820371429191,-328.23232048774
0.0,-902.8785222201836,385.5882782695246,733.3406723230303,-791.198237024011,908.7308188115367,244.24930024849596
0.0,-745.5609700154426,727.9861797849562,348.57546176812593,-486.6264885252647,203.48029669981952,-630.7564209649536
1.0,-21.4044414642633,-299.3328322532558,-390.9371983848911,-881.898876524404,-106.50239953192124,402.44723510329663
0.0,-164.05451762271946,-41.084144899873536,816.1690952404028,47.53788500039809,972.3808712866237,-673.1510502840106
0.0,-23.583403549934474,929.2501988553029,239.38327654130808,-786.5686187895176,606.9201699956898,-373.0230440297613
1.0,533.4924962065904,895.4590346361249,-658.0334945949912,401.8185401487292,246.58761360709582,908.6674991651034
1.0,-34.27075645423088,777.2698472542581,556.9111704739857,-833.2831855012844,-807.1124236235838,-317.5022060970938
0.0,228.71877906488635,980.765157457047,324.13236564986073,480.95551010209533,979.4287144811806,-138.59340478682532
1.0,16.243763140026545,531.411973530973,385.238824186843,-930.5056357992147,166.2938240440335,-382.889287045664
0.0,831.9222676947245,916.8242808198304,479.190375101517,960.5208470690689,-422.60061294700347,-484.2427837154506
1.0,-596.163313643782,-806.0847459919285,-400.53318809961013,-705.287397856832,7.119807442397246,-975.9107269641794
1.0,-305.9393769406138,-676.1316304163734,-256.2885176206588,-403.191139012756,377.8282525750583,942.2498471719034
0.0,112.18239189758128,-188.47479131999398,772.6190194496805,256.8352319031485,-578.1730628992664,-201.1968000020263
0.0,-631.6735782043244,666.8766157943708,843.8570506832673,-974.1410218660819,789.4533537603816,942.831642032831
1.0,358.6917893804998,932.9115921356533,585.0501524840683,-885.7053087500044,-223.80409712869027,-447.08985231788347
1.0,570.789595349132,409.00788442931616,615.4280110597958,-595.8109594022847,-540.7096657735085,-510.46085974714117
0.0,-524.632241896744,945.134528408345,947.312875001875,839.6123327295888,241.4967666851635,-212.73054379489338
1.0,-367.99025786222455,-781.3443475673088,449.18371242249805,-157.579557996453,-423.44597448915545,-852.5893042411037
0.0,-198.04489150346342,282.12932840501844,953.0707439992325,467.7265971559084,-130.61804964179282,1.645941803380083
0.0,704.5094870724158,239.04395187168484,943.2744613935483,19.457253400109153,948.3872238569882,249.9494139052881
0.0,307.0915589312658,643.6653114360158,662.111363697072,-429.2126673173351,607.8953415489257,561.9598720483932
1.0,-267.07578302653735,-468.5012586546047,-260.8044307881379,196.91790856895295,-71.29208359271047,614.3403297890313
0.0,158.88669862529946,952.6581295148917,-684.1907643644454,-165.66797133708144,-901.4629633835532,291.43948385772046
0.0,534.1833808140384,399.27769903389117,-320.72567852508337,-404.5393765318546,-528.3464371983313,-835.9638308165881
1.0,674.5385055391002,-608.4106644242173,-300.1763588052073,-436.9707778971159,486.2516209580426,-809.4712046156308
1.0,694.7813274755899,34.91059028417976,-224.48184128893308,961.5350351132238,-127.53126654409846,894.6196546776214
0.0,139.1148765050159,183.4044825346266,719.1306296996545,-391.13575903527726,-179.88321083419567,709.5514277429429
0.0,-740.0515704840516,364.57089293130844,723.6933633156095,-644.5165116788916,-411.64944303507616,-304.0348598066189
1.0,-500.8710187060366,-228.77187182797115,-511.17971163699826,145.3754928033013,830.5426828126645,755.4564084306126
0.0,232.80334694662452,90.58702385216407,-172.5280021545865,634.4608407397104,-7.706575105618867,116.10398946520809
1.0,646.4735310670785,535.7885064889749,285.2675528776956,-855.2410875768899,-171.65166088200488,389.01820698409824
1.0,-967.8056831870123,-706.5327080795985,375.8490772278724,-798.9236551553594,-851.0460828761941,606.3736948696544
1.0,-758.2630942043404,-565.3615260933586,-371.03187966650535,-92.87725605809658,-676.8258791596045,965.6166123433363
1.0,948.1169252207123,253.88671551163907,-182.16628232927667,663.5671265903811,719.7559314162904,985.8694223421151
0.0,880.2786510926039,-333.0600915002933,-170.2601303795783,-573.2427072348594,-964.3334560938222,-505.81107703514425
1.0,-974.6955812840707,-640.6153103745123,-571.6160844529684,-417.7426504327782,11.459071907896373,155.63370568621303
0.0,-653.1507938706569,456.578878678328,-976.3568058982186,114.03359974446448,634.5583254250205,26.834308764907973
0.0,119.82975396836991,193.38781639200624,736.132820432445,-197.40099278618686,851.7918610606396,-16.466936248943966
1.0,-975.8354269204843,-747.9847457302662,547.7701233832697,-805.3119392397912,-961.6720696848524,40.558918246687654
0.0,305.6616363857547,-284.5923778112374,-801.4829568207658,324.24285869744926,-194.97992527060615,-335.3075350526759
0.0,-125.41194659758753,470.17927955387813,-477.9900082988959,724.8298817078241,374.1724234182459,380.1590323898736
0.0,323.89488664334567,272.5731535967575,671.2943254213396,531.441475072962,-696.3938876240279,136.25849696299542
1.0,589.7353875901522,-666.6520956344046,76.90305792135814,-966.8233233036227,343.60459469150874,429.6102727167954
1.0,882.6611607389659,-931.0084411307769,106.70191665956008,-588.3208143906786,79.66174416665149,75.07651414509223
1.0,-571.6383393520457,-735.2214980746617,292.2175189442937,-822.2660873962055,-322.7025484003534,373.17721804473604
0.0,584.3720314981069,209.11206027297249,486.64955650411116,-683.7554089712801,791.3984392526027,111.82346181916864
0.0,-26.755093637776895,417.99490795036445,-762.294426153534,770.3989237082785,807.7458542699248,307.9388263735573
1.0,13.38233380123927,-502.93305170145317,17.610537309242773,-45.353769380922245,-181.65776361290216,812.98541021592
1.0,91.35691288935368,-9.980803101576498,964.0994644179498,686.9135385871139,-796.9851322108785,170.41827522360654
1.0,356.7628867288647,-865.3747554116251,-134.98714185088988,-115.94143723086893,309.06960798558066,-181.70124245441616
1.0,-399.9374223199976,-706.425083080544,-951.9159794718017,121.78284672964128,-437.3381618248435,711.8229642605525
0.0,13.853297342593578,-348.050831743044,-7.577220810239851,57.33240906448964,-569.425928969286,876.3199759829686
1.0,368.79054564719127,-76.54263669817033,701.3008588010559,-737.3761145642596,-190.6774400863776,-550.1143126500876
0.0,836.1852018578049,602.9577337655144,11.027562480105303,-199.40404705297078,-279.070595517642,-389.9604878063709
0.0,-524.0755442473866,616.374979001487,239.38285078130525,184.34129524252535,-183.72508117947257,327.1627940804203
1.0,85.68905516142854,-426.37898314447773,-978.3992271325654,-216.26686984071125,-197.55698044967573,-122.6562565876734
0.0,-445.6830465187909,66.40873637525556,482.3904979056538,-81.82969663738061,448.5214156905579,-87.76698743863642
1.0,340.52561929502053,-29.643815300808114,552.8046775939542,-453.63371199670337,-555.5219522722268,-427.28396921994886
1.0,-337.87903814538936,-806.297270256561,368.40146762983795,-48.62619024553737,342.8565130770662,-835.9936271618667
1.0,907.968056930848,-478.3541391107582,584.0796362415181,-240.99676246667377,-543.5193864388611,-452.6400163805828
0.0,-762.4955054896927,674.6701083692419,-353.78336864099106,-430.91214558125773,-664.6545110507689,-428.4179108925057
0.0,-805.5375157260191,606.6111605122019,-526.9202221672458,389.9804352725803,989.557765906711,-858.7178195107781
0.0,-915.9791878232362,791.9645325265838,402.7204932179236,-981.33198797168,628.3475186912635,476.85018011865714
0.0,896.7159382919369,456.38865853264906,643.3628383619832,-320.71505084480134,-102.47904764430916,-340.6874760437415
1.0,98.12971396029252,-670.8591064352945,-797.5340636509683,918.2155915832432,-130.28434131253493,277.31182814774525
0.0,-756.7356332107511,412.5800248945459,-779.450675143871,676.3325264450893,41.32601643538737,-165.28961461898882
0.0,857.712039319518,174.32335356224235,-555.6576315123982,656.3557264116755,581.5347202818311,172.71114323050597
0.0,-474.3451713006133,-313.37789316692044,639.2671483668762,395.0477475942291,-442.7025136910314,478.3941905932868
1.0,933.6117043462307,-610.215167548567,-494.8792055733935,816.6450350788245,-725.2676043615795,-490.366294535892
1.0,226.81641475776723,-510.92577877210863,169.8740676212169,-943.7966009721903,817.7238913719943,451.9672434376357
1.0,681.9050468525286,-273.60646409203923,-275.7025454186752,-460.1905830668935,727.4085361902569,-887.0964452129275
1.0,-40.27641400309983,-571.3089643725156,-476.94493067702365,210.83679860535335,212.33047847154307,438.09950492074154
0.0,-496.4644784353789,789.6857036957674,-682.7126168783461,551.5178780041065,152.96602604711848,260.8852469207179
1.0,-990.6569186850534,-238.86802589575962,934.5195065517153,-23.508227987401256,-256.24096060406407,181.06335214348792
0.0,-829.5176305506174,119.41411541777461,730.4682734856879,514.1345006257986,377.18408963698516,-380.52392795215576
1.0,216.51917300236687,-338.8902904167994,-391.66061230130936,470.1697269703916,-431.1797299197568,877.7866904773011
1.0,527.8089474275259,708.2442820525359,850.2586316152544,-928.2615297675565,-476.67896080018807,-864.0305160172479
1.0,743.9049307187554,160.3232677485846,-808.278942170642,998.6474010280756,650.2009465400251,663.8744225297021
1.0,-648.3631105859549,-294.8155595575646,-518.9683999725647,-552.1356178365036,487.6566117669827,765.9079670199376
0.0,-612.5853266174148,596.4666350705836,-342.64776713672234,-104.23629763277597,562.6767114643121,-808.5113114394742
0.0,593.5530379641652,-153.7004500475574,48.49206546833125,634.6546200280616,94.28674814093279,-630.9774152418826
0.0,-929.6035134921976,-113.26093066505689,299.1389524825013,650.1948404157654,-420.73081310350346,910.8612250783738
0.0,-320.00849809844703,412.22996138220515,281.7834938853571,-266.1131031834259,-521.1881002613425,161.74701564118504
0.0,-234.88080151562053,737.3013786069466,812.842094314562,-377.93805608326284,596.1805984906855,754.5757069148183
1.0,-155.3365199321206,74.88971479993415,-338.2070350665829,-128.97930698302412,403.9778568394229,941.2438198683221
1.0,220.35535368931846,-485.52694638155924,230.00924635247497,-393.5869576797961,-40.19803867630185,356.1525009170034
1.0,-564.787715740928,-395.3190259364503,-733.337406626998,918.6631366902684,625.0215013641925,727.4990860626276
0.0,888.6109193721352,125.01328400890475,-700.2051521120236,415.36502398420157,776.9340037236154,-797.8125397610114
1.0,-239.2257977437688,-208.81231595323607,459.84531466051726,405.09720623780345,934.7673230557909,949.4798084409174
1.0,-139.9678324348264,12.719843107139354,-246.2092964081155,-644.8660972305165,855.956379077842,916.9352477480606
0.0,123.4756645513014,364.5399187163748,-111.59882349349107,-997.9212627343396,-692.9319169006474,40.76283855943075
0.0,-263.68956206730036,812.3063473367042,-677.1955603236322,-182.0640192183829,-48.84816664675952,721.5705339340434
0.0,523.4012460265335,-303.1956221783016,-540.9103978909277,-186.75327363648717,-914.7916155948612,-702.831446077578
0.0,-983.2275949202971,905.3796458526456,-360.87399167684237,167.07334423054863,468.2937388020255,-431.2303070150963
1.0,-587.1630830159431,-733.8917595951173,-111.7649922549881,-62.0575420601657,628.8451868632883,53.06327246276328
1.0,-502.7303003615524,-762.9899830258329,67.4205350436157,861.1399371444195,-592.3631298651493,165.86909297854072
0.0,-907.72225225012,558.3413260247569,-331.10658617488366,696.5694855385709,-841.8716473868615,488.80349025886653
0.0,-501.11474757296446,-93.37519879756792,158.11089146462223,-674.8926651664386,90.17357043973107,-887.4018080239465
0.0,708.1961403272649,378.5270499965932,922.3073113529585,253.21490658594007,-166.2058247641911,436.6722020082841
0.0,-132.66025585688612,255.869175488039,767.5448921647724,-6.809686846047043,187.3153365417295,264.3787530891068
0.0,309.281393593561,311.4877912107195,579.2642789963918,523.4510784561214,-482.7222950587924,721.9976077775477
1.0,241.67212263402985,101.47990930612423,202.4180156087707,-704.8999980196548,573.1995205048245,938.9872712852286
1.0,-422.24995282285454,-346.2602441931941,-448.2819525315567,-959.8696484228437,-784.6486143194371,593.5867781507638
1.0,-588.7381831783994,-131.25149284308475,295.8642594654068,-570.3319692185718,155.5094350790614,848.7482416498674
0.0,-685.9366799354709,911.0202724663629,150.3955316339186,-783.6143874745254,153.25938938153422,936.1065128597338
0.0,-74.73432307315613,662.1949207867121,-954.1462519398616,57.20069765476751,511.6426846528102,-683.5831502886966
0.0,566.1097911991533,940.3549438183754,492.46007111993185,-318.5519460456927,629.9544803524516,-975.5563069397066
1.0,503.7813150570423,-399.6959567764758,-714.3064644503701,453.6598499363895,-878.7345056983152,520.3092627851513
0.0,82.15287585564602,354.0640344131043,80.35031518031496,-876.2014491515588,512.1707785531742,484.247206172382
1.0,-945.0363731784215,-540.2445473700978,-950.4027236792027,499.2881284423447,-425.4604375459543,781.2706714654323
0.0,668.2206895241266,346.6729267692199,-96.7869418520944,430.483672912658,552.8918648141182,657.0479539056344
0.0,-92.12690993434353,443.9029946835353,402.11240949835314,654.9427608502208,422.59719405249893,-931.1880739659098
1.0,-220.8471100694544,-521.0124828640173,433.7456161778589,-135.0937400161007,438.7768193370605,794.681617399081
1.0,780.7419991217118,16.498950190235746,227.28246164723942,-323.6590516243027,478.5471744385029,690.4633937585213
0.0,645.2531911016615,-15.832452447700916,701.6622954660788,917.8723333682326,137.98716525556688,-21.89340527499553
1.0,901.1483376199672,289.8719843534259,-357.4111819596644,-330.70161749018666,42.04267605321229,646.0558458403746
1.0,372.78300737746395,-328.15659361898076,-499.1185610630091,-906.6800505337758,601.7764430614577,-794.1121706613719
1.0,865.7787285682678,140.38329533909223,-738.2365355285638,519.7748775499447,-925.7855890284519,170.45446980174233
0.0,-182.16156627707903,-384.58477888174025,-360.7102710620595,525.0654828205252,-593.6042373841335,-669.6863653219702
0.0,-171.8167420243302,884.0857445388895,166.39734487332294,-26.849563318916353,341.4031198295311,-214.91681786756715
0.0,-250.57939920006595,61.53441737749063,-675.5580180528058,-811.2814327050157,-675.2005957630947,253.93559837896396
1.0,-94.43773868437916,-725.1522776980464,-109.817717419588,-114.2890867887279,-282.827809620503,-317.7271829183492
0.0,-780.9319498095792,801.2267004939802,-689.8232373306016,-344.6931461588197,-791.4610881443456,289.2151476733202
0.0,561.1725334365426,813.8491572752009,625.3410022105356,663.0361581806865,376.09827454026004,-109.31735589496452
1.0,-889.5183853753714,-855.266516335948,554.4033650650381,-805.171392595485,-297.2778548383344,609.7796804031198
0.0,-27.74481127617196,-352.8887197146415,162.15638474890943,-43.05186463942562,-564.7375461516399,784.4448892069763
0.0,-320.44191377763025,713.893925719224,-701.0015194354655,-368.09553802505366,258.093302213827,662.5866111445616
1.0,600.813993547478,672.6561856679243,-671.018961157211,-579.734288380795,836.3550301015721,-444.6661502610425
0.0,816.3693613289443,261.54005771471907,-9.230844959493083,825.4749367385639,954.2432953380196,208.58736000201043
0.0,-519.4044493765743,-321.3201878012677,-393.10152551929536,-161.12353210678168,-840.3185629261609,390.1963932277399
1.0,790.4854795001015,867.4422103105474,695.21349624191,-986.0241449962241,-543.2605523949599,526.2012273252292
1.0,364.29245351603663,169.30916151924362,-525.1603132244369,109.17972713988524,840.8453973067656,666.0353797617179
1.0,-873.4167239720989,-475.2392566360286,-571.294841157767,-550.1533373461349,711.2419677077808,-541.8104618847752
1.0,606.9942742220835,-532.3044513054717,352.17408827278337,13.643387637817,-445.586544788978,959.0252938830165
1.0,-551.3077539705034,-381.13692923180406,978.5733246396021,708.5549346769576,-512.6914350586114,40.09064261064373
0.0,961.9643567465619,-775.6906413019582,-497.7288896622605,-589.3525747319983,-458.29340419614687,-1.9286537537295771
0.0,-681.8271386835181,-15.647558910417729,-888.4265606368558,581.5084612989397,950.3206709550159,-252.9822676921949
0.0,-302.3986855694558,-19.771324571509467,761.5824120325137,-283.7602856666981,-662.1269503417645,-142.65828318041508
0.0,718.7991242231747,27.469798014004027,574.4338990682911,224.81214345936155,275.83535296402397,697.3729664032151
0.0,859.6380804760488,291.0572779208708,693.2059957823219,716.4250762144436,273.517486359229,-378.8970032960725
1.0,-157.77103150799894,-625.9226379798635,-320.9679473144962,-982.9202984362573,365.7578318274366,297.95801556023093
0.0,392.82865904368055,717.834739430373,-372.7296008966407,-320.3142475012984,364.1442607868812,272.53489595000565
0.0,-242.95299524346103,-385.8238016964075,-141.62536788485113,156.14702117814977,-399.17994351841753,-675.7053845965711
0.0,476.083475649938,-641.5768344677404,-103.17781292587006,-344.45808482703796,176.5671962029396,-760.2677158747517
0.0,-582.3653480849609,598.8687013125252,113.59523718805326,-105.64127526369373,129.55515364773692,836.8283458374558
0.0,156.9916919606021,293.55716749988005,-33.39647501002776,-952.7796682590481,-677.385617264111,-350.82721460177436
0.0,-104.72796768707099,13.314604827061544,-768.7015740668961,20.311098380501676,-104.8764795198332,-739.3330954917338
1.0,-807.7251929848188,-814.4552566320453,380.35071792363533,-389.1893715272074,-504.3913962122015,-171.41551698903163
0.0,-182.22088808817523,-308.7872275488355,172.84160073614794,958.8965938296953,130.08038028698297,-260.5584101949503
1.0,245.77335818726033,202.8832374642741,-735.086845412758,597.3615100271807,820.7752945970435,466.4669844297341
1.0,-366.9648325602717,-815.427050277111,288.6887006125046,-739.2365398277238,-899.4384850450842,370.89397232501665
1.0,886.919098083021,781.7232476559375,223.5566426878113,-907.6944733754538,861.2022846056723,359.83313852917763
1.0,169.61499268828925,854.778306229389,863.5982376664545,-598.3452051074617,-429.17606476001936,-61.012274610605914
0.0,-219.73520113571522,839.8599125273724,-407.95397985888155,902.183889755099,-703.0383679914169,-691.1129637143214
0.0,-729.3539489289294,-134.75024225466962,-295.1409967184968,274.202199045915,262.9209095342935,-459.4917767163864
1.0,27.2456046919649,-877.5380644004694,-908.3051764282067,-366.2916712506237,786.4593096018725,-60.66857640160549
0.0,-783.4820634882064,482.73687815294375,538.3055664708427,335.0988502637574,-82.62315326990733,240.03697343911358
1.0,951.9680635243212,-35.34956391247897,-963.9324893601502,757.0749993840357,-701.5407640459204,11.80004474782902
0.0,-80.59898577087199,86.27960230662279,-3.899482337915515,-107.48513362542587,-424.6045821232336,-170.11008320049132
1.0,782.3716475771694,886.4567498841889,-65.38543973449066,-83.80049147002569,-512.7683535654763,230.7717014225309
1.0,692.3374473072713,-577.958320297414,655.1669056888693,279.2440524555054,-285.8222217429245,110.13215501250943
1.0,847.4913990819443,-195.19581252759326,-537.9445974648014,433.1683332290095,-721.3805529804629,-560.3556589839425
0.0,571.2209043085975,833.6503802538559,-187.29919035437365,542.9232798257317,-638.1990666116874,595.7715205541483
1.0,-716.2983768970059,-52.77488541577475,-618.3388148929348,489.90587129786695,973.2380010442412,613.4893870755759
1.0,-778.9392219125766,104.27753948984537,-999.8930396766485,568.6754434929189,573.7859443465118,591.0322963709666
1.0,342.9066883082944,271.1718626929114,199.22703642338047,-934.9607745935544,-614.5997572728083,191.3860938963005
0.0,-801.9622698969877,-418.5077926815461,-861.568122321494,-277.2101541164001,-836.2859094424433,-743.7885406188225
0.0,864.7754728902603,942.6071703733314,470.05728282374434,720.6078707830675,-223.8687712870808,-614.2068356742841
0.0,-367.88984083683056,176.17265679835282,-338.1667608851677,-542.7445361760921,309.64427486960926,-34.99398504320175
0.0,-342.05378255800963,465.13401742778456,-425.98821667977836,-132.43352199963135,-179.24504324082523,-76.96373595425428
1.0,-836.6518225831428,-451.6656514559287,118.14039928415059,-890.5520599980463,-263.1852589241479,595.5220984203465
0.0,-400.64521225797307,-128.24829566821938,658.4208299094746,614.618959766562,-425.1130349746885,-620.6800872478249
0.0,-746.2941687954645,435.1364421701751,-121.14267988140432,-265.03065027794844,-677.2392637112206,878.5394105366374
1.0,-134.42941261522878,-613.0465661238688,750.6504370662342,965.4339537338799,592.7569879192656,449.9323250093091
1.0,-346.52621199736484,-734.5892617334508,133.3479475154329,310.52018728279995,948.9553033640909,484.02589430274315
1.0,560.1152780093196,489.42156109059874,-335.2025207818506,-247.77169707947257,281.84006151380777,672.6290993027628
0.0,-126.72132022362507,156.53013307658534,103.83338966789802,-558.8865889225511,-922.1173990318472,-553.5773128582802
0.0,-701.488889416036,595.0596034853506,68.38200223106764,-251.28552475037463,-797.5231075361535,475.09224789054724
0.0,97.74314532226958,364.2142692147868,232.31844376121944,120.31114003198991,429.7198849721692,-789.1331310979856
0.0,-570.7094560165569,464.44926105772197,43.98145314316321,-259.2032998131717,364.417309218072,-853.2112650105057
1.0,-313.34302627091006,-277.223283451852,804.5306352302694,960.3510660682987,645.24275794966,810.6482517843599
0.0,800.3997788421591,-350.2164609980807,-19.495298605727726,627.7150761811581,879.6860283423425,-363.8223351962529
0.0,-276.9459414621982,41.16346694685626,919.0620820221766,465.58014282027875,969.8453904291171,219.51816092775562
0.0,-534.677002250532,-294.12441946888407,389.29523169384015,129.7744879665704,356.4779934867472,-41.536881166197304
1.0,462.8275675673617,787.3662074447234,30.128714419749258,-751.8961030660167,903.4264016305767,766.9032943457928
1.0,-865.7590476296173,-452.15146741535057,56.46606193211596,-487.8350710528305,925.0621748854594,416.52418237758343
0.0,165.89881919300774,25.877018529088446,-351.23617232586173,-187.64641533813494,-951.3924648499934,907.0531955836534
1.0,925.9090810087348,-777.0481495084766,224.37037476670434,48.41092956221405,689.6932842440103,785.7392884206929
1.0,355.28114745312905,-217.05505524937132,565.6872801776476,-95.91600462133738,991.4587113723255,725.1640891254999
0.0,943.3221399864276,791.2878745464732,-34.306801258862265,600.0225006454639,-235.93337769343316,-57.01842995704794
0.0,252.79068716734264,-307.68894880118694,-883.5437382611458,-397.80006999574357,-296.3408305321709,-710.6111243437558
1.0,963.2045690273483,662.3687576939969,502.044042069394,-964.2576566715011,-926.0627595244441,209.4398284370934
0.0,-373.55144044615326,556.5693694427466,997.6521807803499,977.8407978503267,-224.854129011979,748.7679268695983
1.0,-74.43390357438795,-835.3973532504799,170.36273556348556,-311.0691074057936,-249.14305216897014,-81.92938458516699
0.0,738.8791041784928,-762.3115204396993,-1.6263746563990935,-139.49450101527702,-319.83057256602467,-894.5857296578938
0.0,431.2564876933086,-403.5753825063007,-848.7796253256884,928.8510201166505,-186.53517232925367,-487.99693856176725
0.0,-61.23405196298063,-172.03587102713152,351.18259352040536,812.0844719072122,451.27983083475647,-604.1786002208331
1.0,592.6962762901899,-901.4168833727425,-877.9614089320254,-387.5094441593683,613.4255763900674,765.5246486285357
0.0,214.14003210848,941.9860307299055,765.0630359941833,937.4963986375922,-183.97503465030286,571.6062781764633
0.0,-818.8826932538971,923.6835279960237,-934.9729449814383,199.68922682665425,-948.4542019847169,844.6639847724805
1.0,-378.11170151149804,-904.8284969261648,-855.76855373638,-742.6065019531134,-494.84821388738266,738.1326666887874
0.0,-629.6420783890873,851.845981468038,-492.5981055244437,506.34487346732703,-686.4675550991035,-843.1119872746938
1.0,-624.2788198067728,-996.1156878228286,-989.946389787501,-230.9232420772462,888.8043513525397,-424.0074356833985
1.0,563.9966574295809,-876.3870449332771,-454.495105876112,-919.7568344259328,569.4902139583764,-585.2059227824731
0.0,188.0272906416419,561.2430355467241,47.60883199580098,72.43081272827203,195.91484239262468,742.7483248451545
