0.0,92.16418076753035,-227.38478994186912,66.21331333863965,58.0919233323317,89.58790372087091,148.7745670714827
1.0,630.1494128192705,-359.43278699773964,-263.4208274517773,607.170949655218,514.1795187118953,944.3327844320804
1.0,559.0944434071048,-612.0877260879128,156.32195136063137,26.97484314018925,96.71771040257704,368.2599006343178
0.0,-298.6025044917844,-74.25511586466774,-126.6564592050169,1.3372832855095425,280.24264652797524,76.13277757615435
1.0,647.5016312913899,592.1066518009579,-987.2793881552067,188.33530835376746,-768.7260560346294,-907.6849673449965
1.0,-478.8055343052233,671.5212785881693,-347.3242815217669,-121.43427211464416,-177.31992735123094,-654.9751501537471
0.0,-67.81215716326088,-115.22094851598537,-168.4902921931995,146.97539849287517,-222.60869634148733,-129.9688647407362
1.0,545.5136653878449,-986.4688116431704,-919.4745436122731,-64.43576580580009,-857.9979536497442,607.141410959902
1.0,170.0438552744606,-18.638254177238537,-913.7976468839975,11.712956721078058,-995.2275027538577,-662.607666927383
0.0,-233.35027933908506,-165.70451569729175,12.358659074591415,71.8398781590634,174.0605575253739,-13.748476610862047
1.0,-30.988475235162582,793.2438884075002,-424.9999118449674,-988.2728713408931,611.4797085694388,-30.624670229996127
1.0,-451.6530206370222,-436.21601061622334,638.5942233666005,130.29090269202788,164.48103160749633,-33.73417233852808
0.0,-196.06272078795882,210.78227889042913,249.70260310007995,-296.8652379350107,-243.06810680619498,-285.93913880477567
1.0,-344.5852067041118,628.9335206982369,-460.50172805424893,-208.90773238308816,254.00880666713306,-508.1424358754545
1.0,708.7746184633286,686.9405923881443,-411.9421103140535,-376.6091030468284,-350.16983332500877,-571.7375031864362
0.0,113.76527815786648,240.35687820635366,236.20323332367278,-218.76986804582515,-214.6196537659526,156.81178058398152
1.0,-204.45594497938862,-506.3274040520518,628.0873357876023,846.476881668435,409.8272633624713,371.06361232404333
1.0,571.6953276049207,-66.15412468303464,-402.25149443794965,937.8349185773498,-592.5313388426796,-195.7142043364861
1.0,170.35516448687378,270.9127000208284,217.59156007833172,-251.4580942918146,-152.09336977829096,267.5648521546956
1.0,770.9447103917835,43.729562782966696,587.46631822576,780.0228646905541,-825.3052945289146,799.484324131108
1.0,719.8197654439557,393.7958748844553,576.9374856507941,-972.1897238850934,-930.164069325462,-932.2067802497378
0.0,123.52399507951897,235.79789571974356,249.80850413586958,-206.9950985878354,-219.5125627072513,145.78377739044245
1.0,-920.0257915820149,172.48858886023186,51.41619382771114,113.9325350669942,-697.6854126358603,326.12712940567985
1.0,968.4285564163904,47.868063167534274,-72.509293933001,619.3041678018321,422.0282527755662,861.4147874445569
0.0,-191.17135004599027,207.49676345743285,257.6684970471097,-290.2216939407695,-258.09026072935825,-277.3623143291277
1.0,-167.27596721520933,12.001548347458083,266.64236122222974,-309.72300034362934,-33.62332707585438,-403.1622403426105
1.0,-848.5728199231812,-727.0291840722836,-918.3658880067114,18.8800316792059,-296.23592092845956,-332.25339135848003
0.0,-190.55360724261806,205.99266926298358,258.1159631917859,-308.8482934643517,-250.76804894689718,-274.7121114970876
1.0,-99.27358635839244,972.8536388834716,-910.6115839003025,3.8965114337065643,348.07744705358664,668.5074730525537
1.0,450.12998078153646,934.6796753700344,99.91195256227479,240.07992644801425,-592.7925831147977,799.2546285477308
0.0,93.65405388711197,-219.036837265303,71.0634567695999,66.20226246982136,77.44892882019903,133.71449543310982
1.0,-863.4744597762742,191.51802692706315,-16.15162430584064,-584.5530237986867,-796.9293311458099,-117.77260808858546
1.0,796.8074371652403,132.8226678424678,542.2794866322249,676.7639858067255,555.0774295094284,992.2809274104029
0.0,-55.546977755734915,-98.09904593695668,-175.997208496594,147.78211133320596,-222.95544485418066,-121.86322568784372
1.0,-683.3893614700503,754.3478388946437,-108.34244867875657,146.28290589737253,448.0968748682633,873.504364408097
1.0,-193.11667787000863,177.6982734107005,91.28238172616989,610.0711236878237,596.95667950814,556.0479129883427
0.0,-233.40798025113384,-158.7651306391602,1.4620206928433719,64.39194487235414,180.9862021812896,-5.419133570894864
1.0,-891.0426546014077,-944.6940578978664,561.5242508137035,-735.4047512726322,927.2375520033181,130.60675686620675
1.0,-383.5549286189388,359.4484455583972,790.1073129579092,710.3859391570224,575.3551566553003,775.1217764152391
1.0,163.8267070678266,177.4615619032683,147.31962608492535,13.314294304093117,265.1791306790318,-93.8542250255827
1.0,-619.4040845710684,-87.46761456843296,755.4364301832552,93.72904497009972,724.5915287559008,853.5138220974488
1.0,557.8611660164518,157.01165666884572,919.3795765744326,475.0841663437968,24.30345042751219,291.8863260212893
1.0,171.44247801945457,258.4794674550995,216.4932973760911,-260.05172673097167,-140.63100811900074,267.6145984222124
1.0,910.4897654042404,-433.0185789627585,-524.5444619115672,-112.40845839564975,-33.43327276158891,-988.116389810867
1.0,773.7805847132367,35.00505659573537,459.0058061550101,189.63012956765328,-43.08786730991926,-879.595609499342
1.0,175.76354346373904,262.56605748907975,225.69774845541252,-244.91881253668288,-152.11006844729138,267.6952640531327
1.0,-380.805321188354,705.8661674020072,-282.7640831898799,-315.65466428171214,-430.2939257263165,-495.94188555121923
1.0,833.3779962851136,274.79739296480375,-892.8376679638939,150.04087066803913,-826.8141316852689,372.0568190927347
1.0,166.49369366209802,182.20027889337638,145.5432047365398,23.309369137131434,262.1119333941687,-93.20226669893336
1.0,405.6591234438406,-497.5730056533181,-364.3100573997316,-667.9677459843072,-658.7849778490677,-778.2717189964152
1.0,-721.9603838029809,389.93663906946426,-759.9160669596292,-976.3210938308741,86.8434601530048,234.13646570203764
1.0,156.40676939804789,185.183778185622,159.01597953973598,19.225310888851517,270.98193154802453,-77.8510798580782
1.0,207.0811659605331,938.8856989579624,546.3650363002205,-90.82713549682512,326.5496454883978,-59.04945153860024
1.0,266.64258638922047,-263.02195202448945,899.926715467722,-317.5172382742786,-742.8871212815773,-728.846488291941
0.0,-288.4558128744889,-70.67344691163979,-124.24935601184461,-6.1917254525950645,266.2918009271552,74.3647028634845
1.0,-991.194580329366,689.1033737710654,300.59685069104626,-207.43240511659144,-779.137172289766,-700.6548686117103
1.0,845.4345693689138,150.14749535590022,32.64024912159903,446.88870330349573,915.9821904319549,949.7428855315404
1.0,147.3516564385273,181.60311204901853,144.08253807566877,28.99048573363472,263.5584502140354,-86.66931045526351
1.0,894.2040993721423,-98.89979103594635,-340.89085954382074,-522.6005276329406,305.84852601724015,187.85460296897986
1.0,943.8844492589785,162.22480547426198,-828.7411992290406,-813.940169179076,-956.6906997038728,664.33884107885
1.0,164.01443675418165,269.9741907621946,223.32071088630593,-257.0374746025069,-141.63576195728638,249.35401266263335
1.0,28.48422686664344,555.8129124946865,-492.34164472784215,-828.7020590441327,813.1634814997665,537.6792989704761
1.0,762.6877546172093,-176.11102249036412,-781.9494342212768,-704.6115051482141,36.56427013645839,351.1639333562214
1.0,172.06229917578432,259.42464327206824,211.9998468535741,-243.19101451551097,-142.53771606485685,259.13142956232474
1.0,-979.1960148928165,375.13183213096886,195.17206046375918,-413.5507213141352,-733.0536233474957,-289.2796926241108
1.0,-296.99701528390096,251.99070222165187,-289.03044426736994,635.7006969548609,-934.7557290531649,691.3537545320262
0.0,-236.3804898831106,-158.76786500196002,11.54754330865617,73.57026444761735,179.58443000024613,-14.330419999557325
1.0,510.0074130986004,382.5926110087305,-433.52785059998826,-603.0779243754864,524.4343129763508,812.4388716408596
1.0,704.3662688233196,308.90891661284945,-7.449127609293214,-592.9182979242662,352.667555333991,-41.34766258059551
0.0,84.63533843971469,-227.12894704908493,59.14210882829475,60.22970162566154,73.49623435276625,134.8686321407364
1.0,145.00107898968395,481.8857670169982,-642.6471691969946,756.5636086895802,-834.3144172273735,948.1579158295012
1.0,-983.7331781904784,-165.3332510199093,721.2756242457904,-771.7199507360135,669.2335954870505,-796.275067910827
0.0,-182.1626476225569,203.02354172066612,261.9044473026768,-291.6325358588639,-250.31027133305648,-276.159176128864
1.0,533.6758681948882,248.61135803258094,215.81068725231535,-144.44086552382146,-668.3170021343744,-591.0485663578477
1.0,648.5431234912546,555.000063190334,52.68357463795792,-428.01845320933944,-580.6715151100452,-506.2702958719629
0.0,82.26137837186839,-218.94566180096032,56.16971388758165,61.32044140310732,80.91365349121297,136.19328236217524
1.0,-0.7110517799233094,-834.6669261931314,-243.26382846725232,-115.4480098814787,392.60220762658855,430.8922939919689
1.0,-778.2026342916622,174.49399097189735,481.59555573920306,-80.29972047273623,431.04604706259033,290.93601514124884
0.0,-127.49025996191784,-15.83149288201233,3.536015627627272,-30.73156797271311,-187.1960832731595,117.53155672530777
1.0,691.5972454292164,450.5375853784292,63.071400326905405,408.788339842263,115.56059918474648,-87.49855014361606
1.0,911.939867283588,-995.840920123882,188.84088269735162,830.757495474254,86.12717366911716,-96.11202241115893
0.0,-56.98761873825413,-111.62538161921782,-165.86349060274512,137.33631687178536,-229.36485512148633,-129.55335776953953
1.0,-372.1804015853352,-85.45238482560728,716.7345747912977,849.8962420352484,557.7390162413799,-222.34853985893824
1.0,-351.8372256727995,-434.11788105195944,771.8938216736415,-223.64854041750766,-285.4405295383011,-341.76158960288785
0.0,82.20711469455935,-218.50577721452638,74.43342805668715,71.25121369352136,89.88874737524164,141.41347336969525
1.0,109.82392548470057,-419.4073256779551,-251.6109600110334,-296.7985977833931,52.12288610981068,200.9969041330114
1.0,-660.3643484799193,-137.57944638464585,-20.694332353813593,-241.4819309177949,-805.8864534458951,-38.748224108937166
0.0,-245.0423051760577,-158.14317353716243,-0.6005800203858627,65.5888624428479,177.19933332938393,-8.969717066894244
1.0,170.82779167616172,-274.1497558936834,243.26817021180273,92.44370518488495,-722.8950872441202,-37.99973788892521
1.0,-829.6528982935027,805.3241101426979,352.90933465602507,169.73275536553797,-893.4839039705236,-509.45685416621586
0.0,-131.05012788879293,-29.81125934591156,-11.765471186462108,-40.20105680940561,-195.70444760220502,122.8616566136946
1.0,637.6003977268269,917.4038463552222,207.25171943975533,-33.97258111802091,-931.8499702462915,84.42763619174798
1.0,-67.56947431439244,-775.2879858930665,774.6990488071824,134.52956323266721,-90.90006697935098,-983.2579602590318
1.0,158.72325244032785,177.83083835810191,154.71150164793315,14.80498047392007,253.0892227863119,-85.25793171772175
1.0,505.8410819595599,382.21208489407627,-922.5120063989109,781.7462283621114,-356.73531434324127,-389.45388087327353
1.0,333.3524694894031,337.3240348901645,-571.4905807571076,-146.39217650718558,739.7847682487425,-927.2883087641721
0.0,120.32153540016516,226.93512748132687,236.97577657971578,-217.78099761105855,-226.34628852810735,152.71855889844733
1.0,487.9746922911238,936.7156256268051,-332.7124944091564,109.32242497524476,-272.30667623728095,-197.26060116519182
1.0,753.3342362260005,-9.926793639617017,-125.97549303448227,-260.8289398002348,589.8992792973027,841.7733574460626
0.0,-240.43710634965814,-172.0707789273394,7.930757739961269,67.56726195493295,173.49638082925708,-11.51281430346151
1.0,832.6334033501955,-874.483101675199,-389.08020745062834,-234.63258855047525,105.35013780091572,486.2377376587681
1.0,-76.10178832398344,830.7397389363866,623.9078037094748,505.14499677810386,-139.63401179409107,566.7008207294309
0.0,-121.39511374248674,-11.908719583078486,0.9392737767571795,-36.016208367669414,-195.22883180289176,114.79069928402545
1.0,889.4686326356837,763.5802677391982,-930.9570889548062,-878.364176261488,178.47793247612708,643.5720710342589
1.0,142.56029651888116,-620.6195750446946,-340.78820447265355,878.2669619527794,634.9344956951179,-499.9372638669386
0.0,-74.38434827728742,-217.91967474764212,-10.99558090752852,243.00782643861382,-132.7900875686765,149.80566192312835
1.0,-937.4963568525147,-266.7276904102813,-155.17843562728922,754.9092432759501,248.9269446181911,-101.71740965658603
1.0,-387.80199697194394,382.4353887468767,474.7994801094537,107.4502150724752,-961.4796235356158,989.3567222123065
0.0,-196.63480674417528,213.9135145564187,258.52992244857575,-299.8340614666233,-260.92803364738796,-281.14142967544643
1.0,-870.6459067761754,-157.77470464792566,260.3638044020729,-863.9266022854956,259.56720835459214,-346.30468122357547
1.0,910.4614941050793,-990.2021734968291,-414.8238817089258,310.9192217771222,634.832484837249,-104.72149941565351
0.0,84.28474966497276,-213.7021074038876,74.99534416986342,57.8612680087757,91.9919546946112,141.53991569210052
1.0,-679.2629298111361,-433.8763983615029,-197.504777944107,-222.44716729980962,-838.5684322817681,570.5022052460106
1.0,102.69710078439402,677.1772787771176,-666.5454940870529,99.98552362540067,-150.42129907753952,956.4691274896845
0.0,-134.30445825356784,-21.278193677317958,-6.7922820799610815,-35.15963273470131,-202.73709743039504,114.78852857036424
1.0,-369.9154460512801,514.2508718292902,-11.71088569079302,109.27333742943438,-238.0203691461844,228.44972417197346
1.0,291.8959010869562,-155.71780072197396,-965.4973504202791,-407.4247626157983,680.9152303763497,-920.8027714525826
0.0,158.82724906695682,182.99768289476947,145.8389707498719,27.983874532402034,263.2157559871619,-86.08463825875772
1.0,-854.2864932098485,67.46088300091719,-107.48905298541422,162.99680634366905,140.1039913363461,-70.32814240256369
1.0,-871.1389645840535,-266.90347349175033,-215.18426743450948,468.752778919476,748.2491051638676,315.2768512859618
0.0,-231.03729615683156,-165.7147490720586,-0.15210621984539952,61.30757927904499,176.07862475924196,-9.074603675719828
1.0,-248.3136936448633,-790.3265606461887,136.0234222457525,-134.88812870065226,326.2358683985451,418.25316848424154
1.0,17.96648295513978,-659.9094397541317,-75.05710223699612,-194.18679676249621,-353.65023432399596,-599.0113227732971
0.0,-60.585431853438436,-110.88066573694282,-177.7887543229892,138.96349346664883,-221.47888679073964,-130.77586735906394
1.0,141.72454174967947,171.59743678862947,-169.12977554463885,-22.871442578335405,225.63971707223345,632.1944073846062
1.0,723.1289612021098,-206.23252848205436,245.7045327743524,788.5974823409401,748.4520251251042,-496.8235220992385
0.0,-76.60087621935499,-218.82722696647483,-22.093533031731784,249.2276717210186,-136.71878695897053,159.13776319304444
1.0,258.3043739941238,-355.9378025105078,889.0765700664033,-195.6246985430679,411.84158576719665,89.94041321567738
1.0,-684.7672653527146,-196.57039970027654,486.0356313601874,281.30339078598536,-660.358786415094,-697.3894389830857
0.0,-120.49442159814384,-19.356052256939904,2.0171391128871683,-42.93970741987294,-195.60067256247052,121.88219495995887
1.0,-181.00991077838978,-210.85163617374826,-682.1209021860025,447.6344998746847,27.077380994162468,-120.57740758252214
1.0,-10.292244730148354,400.8490350026136,832.689301409873,-584.6183016418561,473.19912761268097,583.6673844243901
0.0,-85.3614448912428,-212.0656004426396,-12.387708425794099,240.30582498181624,-131.37897547353109,155.50055351297013
1.0,-731.7610400377968,-473.9577182908246,436.31430552303436,175.71557565349053,-55.14657716472925,39.39046532500606
1.0,-182.04707486906966,670.7764223263159,-267.3850177871086,30.28963388060788,-436.10294263401533,899.8896733264439
0.0,-245.32338079382774,-167.25639455465895,-4.244914233466705,67.27270124705753,175.16401733929476,-22.876382662408368
1.0,-906.2571608914122,-491.73336862754246,-53.35505437616678,-206.53895608955077,997.0932187488145,-880.0070432245009
1.0,501.46470998177574,120.36748951961022,19.072436399998992,318.62572679260893,334.12030135596797,-85.36650267513357
0.0,-242.70023188503376,-161.08118543533703,4.063368366941088,68.60780305525786,173.04509944296038,-3.3210341401196395
1.0,337.141617914431,-721.0521348719823,603.143665704978,43.660837371699245,-305.4001351009348,-571.9151047715748
1.0,-506.2864338231472,616.6538556568808,-688.0941962971076,429.354114648562,962.4490801428835,-401.64395067716475
1.0,163.33363761907412,265.3118343081627,209.05512377076002,-256.02422162247217,-138.45597259437557,257.4358190821546
1.0,-891.4475720128934,-578.3367132887067,-84.10232863649219,-806.0946435462155,-249.89811988918768,220.59047824417098
1.0,-31.34147789790859,959.2489567208972,-810.4133547689254,77.15841038789631,-787.8668102464994,597.397305291651
0.0,-58.832281312499745,-111.19164110035248,-165.95918104318153,141.6535468164699,-217.0493516697808,-133.5893784127466
1.0,319.62486347231425,-318.5477839595949,-228.81288041905634,-155.5816999713213,-41.11419408647191,-614.1712815951794
1.0,320.2314433875515,435.6644251131852,875.8189651917107,258.53881767479857,909.9004549442245,-182.14814756376427
0.0,-63.88829742172484,-98.00311688851491,-171.5553681130697,140.4142636366947,-227.5601605354564,-139.8818413437239
1.0,-789.0382124328246,-420.5999008855597,-623.3168108618443,-474.6162840530401,-293.6091876812752,-495.4910895655911
1.0,-108.3616040671534,-896.2252613348638,727.3828148668906,958.1558814670418,830.661050829345,-674.3918321704978
0.0,-200.074617419777,204.66789853823022,263.25279412705885,-292.73354020322967,-260.2883560401879,-283.30192612282855
1.0,-38.3953900296043,-245.86272905271665,-103.591149804839,522.9462260959644,-707.0903270482097,-69.7998324559037
1.0,-903.9011711325488,-781.9870972676059,-711.5068789041165,-808.0077137623001,-887.251317504163,454.8350017869891
0.0,-291.08191720687375,-65.27654878052422,-134.5511050774455,-9.316960116138242,277.6461463541528,67.01663051038308
1.0,-630.3967095908123,-583.7055557860584,-345.5302437533445,488.1953777846659,67.6725965143446,324.1905006085624
1.0,745.2878615284894,-785.3743297889202,929.2602327601155,-358.6404457468093,315.18303492964674,884.8339956190582
0.0,-244.17254092409868,-165.49398015288833,2.259709876282546,70.42797137509103,171.71772899963725,-9.050955367863784
1.0,995.5211267546365,-881.2666726532825,-220.91679965409264,343.0773351561634,753.9882216639489,-23.576803225353615
1.0,969.855864746025,815.9704579440977,-16.895123535670223,146.19694259087305,513.9423721458761,270.54804629897967
0.0,85.5244540149436,-218.24661957773117,74.24039337401243,74.32240881395369,82.11517062953152,144.40410896189493
1.0,248.8796092608559,431.95924537940346,-670.8302163471942,332.6809257515847,-828.6555232338721,769.9715635112673
1.0,665.5277737748436,-520.2952524650966,401.1764724616269,-599.0256680381467,341.4437315955972,457.7735616018899
0.0,-232.02866292494375,-165.71400285258522,1.1176856969158564,69.92382714141115,172.11786409472808,-7.4268811952782965
1.0,709.9173624586322,208.93697454902144,-340.9546202366449,-988.9885129469059,471.80600015227424,-988.9313935297744
1.0,152.93442765976806,-292.3567010883854,-241.67786775031152,-300.26926951760834,-944.298821502153,-724.4801222799958
1.0,166.56350659519353,184.27935280981708,160.93996029068327,23.52006682355445,270.65050043009114,-80.5868752988761
1.0,636.879299295769,352.94433409220915,-512.6328570858241,748.6131261060584,-528.7375738612981,392.7250740893028
1.0,-917.5803721515521,702.5626281022655,-519.1772977776996,60.22746324607783,-354.91937495939135,632.2251110313186
0.0,111.32325950273695,237.70625311107548,243.39854474996545,-221.750250508471,-222.53091611715533,144.19464772829713
1.0,784.7815774720191,654.6321247152794,215.28865737624346,111.543264185633,-476.120433787582,9.944539468903713
1.0,-250.9720990803985,-404.2539675661827,443.37510127759606,379.3633391358828,451.38953160145275,400.4746214887962
0.0,156.9483502483485,173.28147730654393,149.5128040030325,25.631215809839116,266.38960998070723,-86.55304013558148
1.0,-668.592122760254,-113.87264515930303,943.5745133968085,-130.7376669575533,30.647935105205306,-853.4109176995357
1.0,-899.8337881386984,-842.6668705836394,-371.93719328644283,935.4541612129235,158.83375217667458,403.169699928256
0.0,-127.52821246816322,-13.617530113075233,-2.168554612142799,-29.44888038935442,-201.20585532825052,120.96161344096912
1.0,785.3191660229327,-128.63192084583955,-290.55158203094345,-230.48237334699934,-902.9664051138586,-500.86508095644143
1.0,-114.05045945410427,946.7735599377072,200.26763300655853,-58.296112644103914,-390.0914157269697,-403.614868148122
0.0,-285.8803724737435,-71.8711932955663,-127.29266558827374,0.04274254314973547,267.34842038009236,69.8212694540819
1.0,373.4217453893107,549.1164558679168,559.326195006825,219.60858901956476,-866.8575753582413,870.4065783680287
1.0,533.7973030112539,924.2548790428505,-161.09070238688503,-413.229357951878,-587.2641726921975,296.51908937472376
0.0,-81.61520326061749,-220.04245196677033,-20.13163154312362,239.1879181737049,-132.6155714018029,152.3498323956702
1.0,-283.92119401014065,896.5604051464595,615.1635202740301,-42.19423778357759,-341.0488413694319,-432.31324784154856
1.0,765.7464696357426,216.9665383816971,-984.9812416035229,286.6987328040325,95.98236812642062,644.8813050703989
1.0,148.53732242268987,189.93999182738034,147.2051690332967,15.552308540733021,260.251479052963,-94.2000261486864
1.0,177.60674925800208,205.31485740428116,636.8331647015318,19.86978247842262,-44.090240163398676,793.7492797747577
1.0,5.483841437262868,-638.495194227029,30.545428725990405,846.4887515080284,405.54593560708963,-275.63072732797343
0.0,-66.96267789556556,-108.86935465207947,-160.08643468423753,132.7917672352495,-225.40881285776942,-121.27070807275659
1.0,-366.34791500635595,15.001665688585604,-668.0863717176495,-142.58711714635126,-431.9152720928465,800.5118380770439
1.0,288.80242147760896,165.99034854790216,-76.83998626965695,-273.39186616262714,243.12791710428428,-157.72131267158125
1.0,149.6706335782021,186.37497163595097,158.41273307458715,20.096224971608933,268.9067937984952,-81.01484712885478
1.0,-16.780816861412063,829.619788828059,538.8427750718988,390.3937331500058,-919.823746019335,-14.544285904637604
1.0,-860.4243702245906,-162.85752029445018,-459.04435479243216,-318.3249367309851,442.93617012565915,635.4071492363685
0.0,-241.53963559382083,-158.39967421203195,2.795268646886216,71.71908991911863,171.63468654071437,-15.234866544514144
1.0,818.1419003648807,-924.4190313981204,-652.661415381664,103.91852935257566,-580.4078053768717,-171.03235250450234
1.0,388.1582200312414,11.747859281180581,214.296315527743,-701.7498790283516,502.3973437173063,-535.3862892695117
0.0,-244.7775999034832,-174.0958797720682,0.7082591750652014,74.47928969521276,166.61699212219037,-5.176663296465893
1.0,-381.3315384620141,353.500866358487,-977.9665847665606,328.1505218599211,-659.8188399430229,565.9050897466473
1.0,-210.23409668471209,-512.9050668587574,587.8655184061599,-383.1325498619451,115.6619010550271,788.3721626797283
0.0,152.91196875164135,179.79375862470525,146.414190044947,20.974575840730825,262.69590830865764,-90.12482843842389
1.0,317.93680398885294,811.841063057351,-920.5378059243156,420.0829031031333,152.49650741034293,-577.3895674103671
1.0,-891.3007097913307,469.79419194121965,-99.42983727415151,-930.9009029355449,679.2841630284047,317.74306941832765
0.0,-296.5584715536512,-71.83828911850094,-123.04513515850888,-6.470186377919835,262.74421072904556,66.23836158065942
1.0,463.9824519890308,195.77360896009918,-139.68678166432346,406.1439219502938,-876.1328389253172,159.2977903822773
1.0,561.3382681638827,-99.6396902630072,-770.9485871247699,-327.7996987453305,972.150425082024,645.5466156544546
0.0,118.0136672253191,239.64056087590058,236.07689098246865,-219.74645204708406,-218.44366219569184,146.90011654854874
1.0,623.7187630854187,-859.000447243717,-663.5894345214779,-900.19050321584,-84.13944934491985,-725.9332477745927
1.0,453.21696174481167,-404.6418952986852,716.8387581247987,479.92190919129484,-175.56638690085663,-500.39047164560577
0.0,-64.91843713298172,-111.26256290166256,-168.592445502629,144.89650284042906,-231.22891601899764,-125.68649290606591
1.0,-731.8718614477158,-820.7267713743114,707.9276919387933,-917.0715435005279,-454.0940191599108,623.3222209227729
1.0,286.46301685480444,-645.3908148611065,456.6178345265398,460.628874324153,-635.6259925371498,413.1919759012062
0.0,83.91967577136194,-228.86966799744857,74.79032611559926,76.41170880910218,81.31242470507351,132.81406689702308
1.0,-993.2374279523899,528.8855921656459,933.2245314690576,177.42383878186024,601.2862410055416,-86.59807457530258
1.0,-734.309874674276,-541.0454118173814,208.2237915041776,420.72288642823787,-392.23899439645527,818.4879898654267
0.0,-234.40049015168486,-171.70320609754557,0.8333268042706541,64.39428204012617,176.44607080145,-22.698225904500184
1.0,251.8189485560522,423.420114489561,40.98655762204885,223.05191051818997,-104.65609961860434,-965.2502873409394
1.0,596.3735814292043,-425.60940720394717,-331.23050839431903,314.64616895410177,64.75234888979094,-817.7112507355783
0.0,-288.2621021453853,-79.53605612969592,-121.11574954660452,-4.567219284905168,264.0755549930576,74.70558706724616
1.0,-623.5442508545057,228.64928307284958,-686.612545961387,-551.5104885082527,806.8910936255627,-398.9479896210495
1.0,-29.10385774148483,-325.20042262033087,-269.83195626816484,-61.04468634513307,-718.3088375145556,-518.7032757687715
0.0,-134.98103318835373,-29.251374338840115,-4.033284111327738,-27.559744048006642,-199.4482391095229,122.4833925405056
1.0,-0.03393336562407967,236.4852866542317,910.4195267264718,-643.4230184398646,94.54148472066936,-239.07577561736787
1.0,-188.6769900377925,-614.6812165071884,-921.4897652683871,-939.2901031855956,920.2373408274523,-805.2210221044968
0.0,81.87455839789465,-219.52762299358983,63.086496297437634,72.4739284471214,90.65382685993241,142.51710617241275
1.0,385.20533230152046,-527.4715874387991,-82.6121234789556,76.3531455506286,554.2824224056965,850.3647521666164
1.0,841.9316019652906,162.38962453809722,924.0219452620674,-484.31099008314857,-183.32238156436426,-932.6680587173346
1.0,176.7348620579321,266.2286577437733,212.21574280092014,-257.2023382659933,-150.43654374683987,263.7391266347694
1.0,-26.036201717017207,819.7270255517221,938.400648729433,984.2907511749097,363.83233955934315,-494.768510885808
1.0,565.0272029819578,-768.8694752096519,890.9949581632425,211.43111924414484,761.6466534188576,-991.8898430325119
0.0,89.33494823470595,-210.11804889342088,73.32074042160394,65.7671516433959,85.8728718277703,149.3836501881753
1.0,572.3581115658537,-306.6259179521362,382.9121313935884,-924.9057775144552,-512.2609411200223,896.4655883784064
1.0,245.2855796568083,-917.7060310130656,-510.1861859303918,533.8232209866997,-777.1694917962016,209.88410816809483
0.0,-300.0489594315908,-63.62212351456505,-119.24626482309338,6.112746838513662,271.67651398415643,76.49068361367047
1.0,109.68400582200184,-430.34277899122935,-655.636892052665,-408.98650708204934,86.14565040724437,-473.0567426266124
1.0,140.82079744414796,432.5638731007184,-798.8143008955952,35.80465054726187,-504.7709090975239,-516.7184609663125
0.0,76.23431229013289,-211.57600292158426,60.46416502023129,68.35464077090238,75.06732175405698,134.37297576515152
1.0,-40.81770480612954,927.4919346205304,-766.6846843940602,228.07660236951642,-610.3832030816909,421.0619963118045
1.0,-953.0850317484317,620.1449318020386,-335.1253052437895,-862.0851252282764,221.71527900203023,310.7411083948482
0.0,-53.69655303353361,-104.0104230715069,-162.2731685342517,137.66404991985658,-233.8035680521474,-133.77743912905413
1.0,-745.1617928666706,54.454088227541206,-262.0393131084812,-944.1040371873374,888.4274406876946,440.3685137523662
1.0,-183.6962170303442,-310.9901687631036,-403.641660870643,-617.6743934819859,459.17672714769924,672.4138804909662
0.0,-76.68967767031626,-220.03899363202459,-26.19589268029434,250.81380436918687,-136.06307808218625,159.38145415913309
1.0,948.3407467203926,885.5508133728085,346.2640192768872,541.311117686646,-813.7551155561151,-59.40362212320281
1.0,190.34906143172088,-742.2912184380198,592.5034600947959,-129.6533989607094,573.3815699526956,580.8678523863928
0.0,-70.28801104486124,-108.03812100966552,-177.86851458534417,144.45423609707245,-233.89123142295247,-130.11118099129646
1.0,563.1218093319285,-652.0889236720086,-511.6434120392408,-55.36399463266025,527.7768527492976,94.02365576618195
1.0,963.5872608455188,691.860842598441,-179.6697774583953,429.65814418446575,-970.7087405955946,870.3619277001899
1.0,161.09544512052653,259.41725574074115,218.41212429807769,-253.27666662409393,-154.84928631027472,267.6074336633539
1.0,-932.4434642482909,610.4370319811649,-585.8641229661772,-328.93000800852406,-129.105022918828,-415.91490183771975
1.0,-250.5316081041493,712.5909692821831,184.6601253234487,-721.0537123591955,929.894502932611,-938.5467551343773
0.0,-227.99486580457443,-165.00657761928022,-3.3054450952070504,67.51428439327253,171.8651098203224,-15.769001531617247
1.0,-998.8306447193862,-544.1867432497149,-550.7441592350974,-300.50285764909177,-777.5652180848047,275.43559107730425
1.0,591.2668505174765,-516.0533964211147,-458.91038415666776,276.62478411442066,-516.9853361945864,207.80511068357873
0.0,-54.463810660750134,-102.0299735635841,-175.0937633522004,136.1212307302693,-222.88043483074782,-123.6524736403647
1.0,-47.40862313335242,519.2773105662111,654.9542142306104,-747.7983720858055,-247.62133556049548,531.7746265690589
1.0,-83.97265925131353,623.0875192572423,461.57870588367723,-652.0115457567832,190.22004716189213,-590.8700505045549
0.0,-62.84722407775942,-108.11443672484135,-170.52250299322142,150.83432854994368,-226.975208597331,-137.44305419647296
1.0,253.9092777376161,-415.99971910546446,-670.957490495593,151.9124882939168,11.269962502020462,-761.4342612530156
1.0,-232.80332517159172,980.3747406665907,545.8460575960905,-903.9516614976482,613.4716171177697,-263.95746151446247
0.0,-188.78798237898405,214.9735330266382,255.49361631910284,-308.59735155590477,-254.30513382564124,-281.9765234311029
1.0,-726.2732859055005,-565.8570248297044,404.11095068822874,417.26994672580827,-173.4365971531024,488.8604845633113
1.0,468.94705375402077,-661.8600645904019,-428.3370356207456,-95.5518176674459,-1.3533263483882365,-48.75952995274815
0.0,88.04922026274824,-210.9086855734455,67.48356089441866,72.23215584270473,72.9616708400875,136.8303599896944
1.0,482.26389107423483,43.95034333304966,82.67664584166664,698.9749985049023,541.7461673761345,635.144019263671
1.0,365.0087445258255,-967.2733135545566,420.6521762820323,-222.34719399553921,325.448353358689,343.99944619803455
0.0,-73.50649328470087,-219.19804756683465,-29.375947794744583,249.97550068115763,-129.4481520832052,143.1954290713667
1.0,-878.1378422193274,735.4404425456084,987.2511562751358,238.73786598074776,721.4458597250969,851.7133582009117
1.0,-486.7612097106668,862.2112376868499,-982.3286663550758,714.3251518396662,100.33935552075559,55.33066254915002
0.0,112.8169307703413,239.8042047843117,252.30466632347373,-222.7512799234247,-222.05460749959994,156.15685408403274
1.0,-140.55346254415463,692.1327002207656,-156.22499375100563,-311.0737832792048,-777.5307943197247,535.0148880858612
1.0,56.95374199289904,-328.0700124955664,689.3504041644367,654.3957995330456,-287.42694638637545,707.9122003835478
0.0,-228.43542648804186,-162.51676954585415,-5.811741315806648,73.18508436410129,178.5611754549072,-22.367033181404246
1.0,967.8372702896263,823.92797780506,-991.1290432381237,23.34788209842054,537.2630987059117,-761.4386263508948
1.0,-281.94799956759266,833.7142689922857,-915.0399546947192,-864.0282573268254,463.65979558061827,-735.6091953699564
0.0,-231.1167084806229,-163.21752535587163,-0.8930275111321908,72.77317297202377,173.54707318124233,-6.159615495036817
1.0,-456.3725200805502,912.0631562134624,641.3683861180298,289.0789883707282,-700.740966631023,-761.288797003018
1.0,-85.77906765087232,-621.7291266022045,-915.4362847546093,-282.417817116146,-618.6227157406903,-859.5387555990355
0.0,-86.98332370075134,-213.87148284569506,-12.527745410016138,237.70529065865878,-122.84042180211001,159.03853381378374
1.0,-23.103415499132552,-543.8280482970353,-374.5558854344582,173.1279568356158,651.5962226663596,-891.9464706578115
1.0,20.516424155788513,-422.61459269761974,357.1202454610873,-820.4620079923839,773.7288289559131,86.00350319662539
1.0,147.97422410608687,186.76588037772183,148.72641012243653,15.84682492916546,258.3518030057476,-84.23688644822256
1.0,494.2474854211712,-419.8265558911829,-586.7025356984911,631.1346750634957,-656.7915039846923,386.31960994196834
1.0,549.4805184576956,786.6820283524303,199.1290925104945,691.6789452940714,862.8975500067049,503.26336761801554
1.0,148.43229131876222,184.61743674266648,159.1547808623447,13.92589425762309,260.06306581837293,-85.56756393760914
1.0,-896.9071850291753,-719.1140238456866,-656.6775903008718,-1.9369965170918704,-901.0043549335951,-120.76715895376446
1.0,-617.4027209731787,745.8863283272965,-63.01510067225195,-576.3502266720693,933.1953981279225,142.1283604868986
0.0,-80.55049042835212,-211.14753550270711,-21.69293217771387,237.5053673072277,-118.0817881293797,150.38856664544147
1.0,-742.7110579253733,347.5449868888559,-781.6589869705364,178.19550350522195,-394.3684848957862,985.6228351078007
1.0,52.10612001126947,-473.8005333357331,539.7312505118718,787.6686553135464,484.32626140743173,372.80493249056735
1.0,164.3542907247427,268.2867568975781,224.0965047133207,-254.7722104632026,-145.72707571325427,267.4840304676543
1.0,-116.33030696890546,-184.64272484482808,994.9625490634824,-97.79548788006866,157.88135424855182,-308.78488163401835
1.0,-624.9542546926368,371.6848858517226,-228.740373475738,109.3673991078997,-203.88047198139247,-776.9842711290075
0.0,108.26882195162287,222.2274839768167,247.38371931882585,-223.41070313883682,-229.63069198777183,144.66683450132487
1.0,-717.7254938002069,307.18334865521456,-742.7980907411109,967.1771185461478,254.8426931435929,-521.6337520571375
1.0,-612.8102413928311,-932.8490752799985,-561.9653232932621,850.8669099162116,-419.5042764920049,-339.38798753711535
0.0,111.4641601296411,224.41564443491546,233.6307547499013,-215.4786587869388,-225.7852597537991,138.10588188464874
1.0,705.7823013522036,-494.17126273123,-403.3139581871717,-414.3567251062939,-891.0790294143578,-149.05561947560386
1.0,-562.9296784838984,356.21516705107456,-760.5868505461428,266.9171502447159,-999.8202029030592,-444.5080754961392
1.0,160.32240371092755,259.4452914881254,224.68142720035837,-244.6984116919885,-145.0837695678455,260.5911138773512
1.0,577.0398969721145,-897.4198319831887,-514.8595213273996,126.18814084756218,473.64054496519134,476.4333208861035
1.0,-171.80284189469864,13.704118853996306,-325.2421068962054,-923.0271851915279,-746.3712515037047,-941.5751137986667
0.0,-297.54496918514053,-76.33324419469328,-132.10208134796702,5.397911830317845,268.7246825784523,78.15834513044186
1.0,236.7480009097319,-458.68746718418345,622.09327491367,427.6755513995786,-434.51265785750957,861.5302785082442
1.0,761.4134465405712,563.1160383698466,250.83029388957834,-953.1854594195328,-638.9399103532926,-828.7292506947068
0.0,119.4611912858882,227.28099488384657,243.95869165138845,-213.11892930229556,-213.30055722799455,142.4769600189449
1.0,-575.4765523583558,-354.03034840032626,-919.0601301912471,629.9827461424468,680.5119091727765,550.5457360714365
1.0,553.5040067071357,-583.165305851403,-217.6193324602151,639.1130472124446,6.392933259771439,532.2904740251809
0.0,-123.63492198366777,-23.527442802912862,-0.8896823989877536,-37.609362926558354,-196.19717291923817,118.81820427873762
1.0,736.0748058786749,-613.1323600488688,525.6804796331046,565.7170372618159,148.56268559244154,949.7201869398934
1.0,-614.3835115619722,849.109136197229,-616.5571744991487,754.468977343769,342.84353714174085,-108.1043515944416
0.0,110.30027288823658,233.33853783008973,245.91657966050073,-207.27622615683003,-218.6345412924941,145.6751185909794
1.0,112.54951566542968,376.06395392566264,-489.6096131164225,180.54053188310036,276.9511649403862,61.41135393904551
1.0,720.5459242546085,43.83096116692309,100.04498045002288,-723.4577627379056,-77.26145561050134,-657.9040650510487
0.0,-84.46718782682652,-218.23028031943613,-20.846380544905738,234.87564676969438,-122.94455328341526,152.60307081258523
1.0,202.83725457357446,529.6634889845841,418.9722406577173,-232.22070032332692,629.0057083671104,-366.29848481867384
1.0,903.0864647370909,607.3413687108161,893.4468605184582,-560.7720683938767,-484.12591390563955,681.6955360043278
0.0,121.5632019926601,237.401462901262,243.0500465046366,-207.8661636060535,-230.73205086126896,140.70969393958126
1.0,324.2007336598547,-151.73693433165818,-438.6153605257472,325.2196195308977,-683.1481700520978,-892.6702804929305
1.0,-370.0610971157789,-76.21242134319323,-279.8845282908036,-977.3589535617498,-198.15242078183348,-866.5739150657106
0.0,-88.23477760015115,-213.09496274728738,-26.744889460960334,249.6241086950762,-121.57025732378918,149.07851431324872
1.0,-569.4990989796552,-287.937642551366,-815.3886903647572,864.014856036729,924.8797250074927,-903.1016768313434
1.0,-342.0762618319786,525.8722012376277,-141.06863578968682,346.7291263349355,-68.41903030666413,618.4744640325086
0.0,160.78677239731854,257.5384201462696,215.34423873351722,-250.38787296638617,-139.65792538723625,259.2098896954705
1.0,-66.35113675503828,-102.61101538095318,269.35021979394287,-149.939770925557,885.039083276069,-108.27364905224954
1.0,280.51994152044745,-214.17721984315506,-342.0027593380888,958.1060424457239,116.5940241937526,-297.8252037176301
0.0,-80.02894585210656,-216.22537827110457,-20.665874190538325,237.09052083931329,-129.326942143317,148.63269365782133
1.0,-735.7182862163086,-605.4685575395977,-192.44125859230962,-381.4319987901789,-949.2359888614501,-156.59661495529133
1.0,482.7113885813353,789.8526290124491,-988.7499154096946,-107.79291458437785,204.96234906946552,35.15487761264694
0.0,151.9335046731408,182.58763941895222,150.26539661096632,19.103207388938454,255.53619727535076,-86.69412813196705
1.0,-44.08555869732254,948.464683221833,367.23687791066936,66.5996432617435,-233.86996994515584,-551.837652743431
1.0,728.3615669232336,666.0294531404286,217.81264919614773,-2.0210751523317185,-28.938640610246125,-744.245627810114
0.0,-75.26359432486518,-211.49838858292247,-14.732156272924954,242.48435127920428,-125.72600349678456,157.3397081509614
1.0,546.5227335062771,164.97632770501787,-200.0652232626676,501.6473527335156,-583.4661303124458,465.9377899540275
1.0,868.1897508955187,413.53549888562884,-110.49239809546464,97.55333338322293,-687.0062300483003,-784.8471974432276
0.0,-233.35226817199998,-173.51276033436756,-0.5412804427328135,58.15353674882061,162.19536416363928,-4.922527261300559
1.0,-519.7172457660071,-294.49321150147443,-305.9981664028277,233.4807864015877,-994.9227305983328,-469.8485549124489
1.0,-571.0380979546637,-657.2364648181923,-14.708319156930429,-425.69668625418706,-888.3168628194953,-547.1011688298215
0.0,-201.48684986872487,212.34721282765864,264.60431624770297,-301.0864157731644,-255.05866002744116,-285.27000048751864
1.0,-21.460363744317192,-930.8601439912452,-433.6137844912349,-322.3291999510518,300.6835884540942,-867.7878110119452
1.0,912.6334461151753,703.1650475129181,977.7389754607734,-179.80706942379322,-308.6943162873446,-892.4668154834441
0.0,-57.96882556536755,-99.37632167218833,-172.68348276921938,132.02854004156882,-223.03799865045224,-137.98799320656187
1.0,582.9512984992873,938.6170258440841,991.9136590866692,101.24730570203906,-649.3155914466411,-276.6577695600332
1.0,669.6266320297261,-357.29589464155833,-585.456117395654,-982.648184996846,-339.244072174919,-393.92706923851017
0.0,115.55181977529782,226.69615707488498,238.0725912986921,-216.32780405716417,-216.30586166664327,154.24769647042297
1.0,859.216630327765,269.60078823213075,-940.980365812939,160.34461148053992,984.6438236163945,-694.9712987978326
1.0,-910.7489157617374,-920.273054176645,-418.59006754054053,626.1131638521495,-722.327706268213,-893.9531596556909
0.0,-228.75514165995918,-174.64012229388808,9.859731608615187,61.86420751764421,177.12169510006981,-14.47314564196659
1.0,379.58897099369096,-371.25710800504817,-53.66677647432266,466.8573173243292,167.54772221983762,879.4857322886207
1.0,839.7808661560146,375.723345425715,416.9215953899752,377.25468001711533,207.06913769550192,-950.5673404743919
0.0,-70.3536577167751,-109.11028728201137,-172.1390879279602,141.37330606259385,-216.5760874376353,-136.14236009822054
1.0,-583.7824211801237,-64.46643241884112,-212.72433360429102,-492.4285396424686,-125.92623376228903,-858.3407441982156
1.0,-33.89283886397095,-603.5203784299763,-23.864130732564263,-121.68695759036495,544.8346297954779,307.9512194011629
0.0,109.95449382207828,239.58154657146923,241.6739273519251,-215.1671157650676,-215.83994662330767,146.55348087524726
1.0,887.2601197989122,-425.53872110056307,608.3239513924455,573.621284399283,-206.25557857283331,-189.7390862548034
1.0,381.4038184800877,725.4826955952817,-173.41640630969596,-567.6763117420355,-522.611834081295,182.89529798080753
0.0,87.40537926536247,-229.91829597707866,62.754838973744356,72.8957173595595,79.79364228339938,133.45552851967562
1.0,-747.4512882317812,690.0006901639297,-65.53565061430947,-568.8037751183772,291.5977920360433,-653.8768912938662
1.0,660.3700905927287,862.9444990632326,514.0524280253119,268.6918570339817,784.2481978523729,518.0202078248872
0.0,-237.9444032206737,-170.89121788729477,-1.4997457710867454,59.453553735270724,178.90571072640404,-8.261310418159367
1.0,-255.10954665590725,959.6607413565414,226.33017815383596,877.7984826945271,398.4753587311102,-908.8436950961625
1.0,-550.8203649380876,-551.9527960489503,-977.4028972693536,-288.0845117009252,-860.19743343744,225.1402314890979
0.0,-194.522758835347,203.22400220763572,265.9436467472029,-299.7851665691374,-250.07694942996025,-271.0685579042416
1.0,858.3686548983637,965.1001881413858,-665.4118257333134,-204.27038530400375,-448.3933974181657,-371.6798114699782
1.0,-146.79595050150726,99.2902094535907,-911.174183786196,-701.2236822121326,-713.1534114257245,866.4570542988333
0.0,-288.05676122392714,-63.80817169933431,-117.8223185137772,0.7755357161470293,267.9363070997373,80.67741951567895
1.0,-525.1347556748715,-999.6634343986108,662.9022560213912,240.13561422470002,-764.7858206955059,-654.5232180372122
1.0,841.5223092763297,377.70253510119323,979.7392903204905,-67.22868232957205,-707.7730187113924,118.55914334396971
0.0,-289.30541976779244,-74.10504122411103,-126.36740152598138,5.761912757473745,261.3594303448088,83.51872117243738
1.0,119.34174629941913,148.66356243384053,222.81541947716255,189.6666170527053,-291.84648404318955,-344.00513230509193
1.0,269.9365922492095,842.977817675149,-325.25208842085567,-37.72104333657023,845.2422181832931,-952.1534620354033
0.0,123.88179145658839,224.3528639940872,236.17818362374388,-208.57924934364274,-223.8823490868285,155.74896916509292
1.0,14.454641207976238,-127.14923584865699,567.7944930658623,241.55936027173334,879.7385284477857,844.3798285116436
1.0,521.1662301782164,-333.1488663329329,217.32918983517266,130.8449998469589,-500.54029787227284,-194.3754431044224
0.0,-235.08096206368822,-173.3251673519423,3.5964389212104884,73.58000785896965,161.0378461557422,-21.861329835446497
1.0,-547.3752544932258,613.0734947189867,81.75044916449065,-811.9888743643537,655.6641935257169,973.8545907052246
1.0,156.6534780773236,-62.625984055749655,-467.5976986361794,-553.951147127425,480.86483211558607,-779.0793263382234
0.0,-186.54679096670725,210.58661236848994,254.02439215408506,-289.3392396169424,-260.6510080612201,-287.8935219792624
1.0,99.72999559295704,-877.0724602576456,-375.0897002328768,-639.1804131071841,-646.3561890742924,659.0301566225496
1.0,-368.5883332140929,-59.65124566493648,286.1970836592086,175.31072404434917,18.058955072928825,-309.5749446136591
0.0,-200.20669130084127,209.31357768866985,253.5961473204587,-308.05296953151844,-244.46245902502588,-278.31592911552474
1.0,-515.246521731948,596.1510341600829,-706.6496142225665,-7.0177820126386905,-933.0300345461353,511.46134449440865
1.0,573.2831893915634,66.70262097256887,586.9536525675485,-90.35893975290435,-205.56429434551023,508.7770956815468
0.0,-55.856059470217694,-107.92734931735156,-173.12738327147628,131.91040100605812,-233.37801659708893,-121.65154776750634
1.0,-45.46103154143543,-970.3049993398209,-409.63875675770953,-913.8910986634701,-698.0353910217973,-509.57463518554704
1.0,639.1017426565902,-168.61402988317127,-995.2344279278562,-471.9276400266199,899.5083811758207,568.0077556193387
0.0,-80.5078958809398,-213.16066630126852,-22.4752305739798,239.5841579997988,-118.09035435255288,158.6113594220496
1.0,-374.4791772480189,329.43507684369706,79.50362571889946,-804.386152024774,984.2823649046193,376.19292701967333
1.0,974.5471645392201,439.7470531320057,-583.5472935288519,958.0407546416518,243.67152782671064,-120.95871322264156
0.0,-120.01399460160242,-23.145616044341352,0.15441473724412802,-34.85419377732754,-197.8189775617658,105.81757934546175
1.0,179.56640239109038,825.0796102116119,57.09633350969648,-316.03366050760906,732.9750111674332,-62.84971095869389
1.0,-38.62173731873679,-270.48324657535954,-394.51673143707785,-238.7290119005337,204.65282957030945,498.8220213305965
0.0,-89.72856668111629,-214.62511265694002,-23.095473802858148,246.35687172366093,-118.49039989565307,140.99588432932217
1.0,-56.36049387325386,-722.5240052239669,531.616482842365,-50.57842335039561,243.00711334558196,339.97393232166746
1.0,-689.4486543553764,-913.4146269665315,959.8795949824785,-327.9801043567494,931.3478475727916,-776.3336090092489
1.0,151.5563983147065,188.13619791815006,157.93560202839242,28.4178728872106,256.50225870733226,-79.69609895580209
1.0,806.7217755247957,72.74180456091221,184.991219958285,-123.09853659888972,662.8391192353095,150.04897277225268
1.0,108.38516342433354,-427.1250141636302,-578.5944711784468,928.6272729131263,705.0481176100495,537.2787358987821
0.0,108.72032719450662,240.69804649839946,236.1684004394065,-220.8300717168496,-212.79054220042954,150.37781156178534
1.0,943.096855494405,707.2777753694922,770.6762276016734,-500.9682731455847,970.487494760876,438.00187667764135
1.0,490.3077797204694,-922.0540289112314,599.9437907979195,61.38601362949157,-579.1069298476499,-161.68806124198488
0.0,110.75651058340297,227.60183816667316,246.18787334287435,-211.4229731674117,-214.06768993061223,148.05248981230108
1.0,76.73049744584205,354.3195881275624,-865.3475020756633,-321.80951810716647,-74.3021218098894,-859.338363177774
1.0,-268.977756429519,-785.011815114201,-285.53117798948176,179.4083416116755,-720.981491478484,506.9440782269944
0.0,-240.46278167140468,-159.14789330406924,12.263066326706682,61.78574123732969,172.83108983837792,-14.28564530887437
1.0,787.3957086649682,514.2653818122997,-889.2104378326183,879.3669261148143,923.0669636245959,57.95502928834412
1.0,-567.8626542649483,848.642368583447,923.4063442069075,-300.3704991910969,435.26231929434675,133.37071039424086
0.0,-85.63713544503047,-209.3968395113182,-19.548143510105742,241.01557101985776,-128.88852282524695,149.66005188700098
1.0,-189.19282565335436,-498.87614628641705,-409.3957814744517,307.796542526198,-584.2006794922904,-403.52968594025754
1.0,867.0527447664915,-654.8341020560895,-204.23873697038061,529.8803028274042,34.07747326765707,328.5525530365005
0.0,-59.323054113198296,-98.82178933383838,-164.52988261369148,137.44820936954943,-227.30006631161865,-126.31421984119574
1.0,-318.5468441777017,331.69058910406966,-308.8054942995735,-302.17196303152275,-99.87640436117931,-433.563786740812
1.0,642.7667561237181,941.5761456608516,-450.77521697751695,-179.87768105555494,-818.9908647504529,-597.7743826916109
0.0,-188.583327628781,210.63575552618633,262.256021789871,-294.7824120497369,-258.9381847349469,-280.22904438347547
1.0,-581.9463264629626,-286.28402976025336,431.7624241134954,370.54805669109555,993.6679228130686,293.4193252061086
1.0,913.527049983059,60.93992585398587,280.40130637948914,-831.6661819319063,-104.3458422248533,71.92995439448214
0.0,-236.2444206381741,-164.34445043041356,-3.4923791186785826,72.82731274360958,161.44355291407902,-17.368740107921667
1.0,-42.46841234413682,-719.4765787693245,-229.2662094530083,304.226409055942,-820.5919329745104,294.88246584738295
1.0,721.3214550130435,19.15242207126039,249.70800142791518,581.97873460235,888.1641182959618,993.8335176154769
0.0,-133.42559673579106,-28.52161321974066,-5.7705292151972145,-30.892262512380558,-201.03815631965267,105.48651472289086
1.0,-264.56175905395594,370.77437586859764,-951.4396533094658,464.5269099425775,947.9489422419108,785.0944307669006
1.0,-883.925420979996,-844.2322416416688,210.0342508973838,-200.28290116583867,758.1833060977142,99.7864895823941
0.0,-200.31195906045113,198.2728131144688,258.3658226085803,-298.6428336936505,-249.64711608653155,-274.3567488785255
1.0,141.70171909664828,681.8509016448102,-473.6009581636422,695.6637950710867,-510.79620894373033,-248.2522960724956
1.0,-895.1966525830253,-252.185560697965,-977.7469222737958,187.47825024637473,-696.7263465767846,505.9373624906391
0.0,-83.98685519261203,-219.5718947422348,-20.819766474677216,231.4839165055329,-120.49064468546791,141.92478575530532
1.0,-613.103092557665,966.919854800994,-478.00711175347385,266.42722008175156,-955.421464885525,-851.3549726282101
1.0,-692.4409249234805,-452.3220878353152,-36.62067826341024,-582.199156100639,992.0028464239047,381.1783874371188
0.0,-67.83756761592193,-104.76872560102204,-162.63704209699097,131.8987228787848,-228.70410369590675,-125.8929270734886
1.0,-754.8157093336742,-486.7635791208029,-332.10688626904437,876.0638928347253,-838.1678318562211,-294.5313008919677
1.0,-68.73759768186756,-35.77870021233002,-591.8574505927359,-526.4154332764417,665.1867867312028,-21.00488269007576
0.0,-290.20722261572024,-65.12211864752489,-120.67793981317581,-3.51638132323208,265.9643873166935,77.4282331394964
1.0,-261.20528683625776,515.593800201025,316.0577764050979,-663.5209012831151,810.6689748310423,-685.5745040544858
1.0,-215.15867687304888,-972.7782984218028,476.79494560774424,-533.1175261988221,436.1474203055195,358.07250427733334
0.0,-121.97278975662728,-24.348714350909376,-2.8045797617980686,-36.71682819076966,-187.47612347149285,107.64187110303756
1.0,-255.43575486029874,402.7562072688497,188.30741633954904,-803.329840605485,-753.6151127701476,194.66427000232056
1.0,881.3391361221154,236.025171986254,602.3279850552669,-17.233784942572584,593.9785380163864,-968.1120209568365
0.0,-128.02200870619882,-12.034238005646987,-10.072344673990946,-26.923131441909355,-200.77941788338524,110.2356885708032
1.0,-636.2962211719339,-572.4839784856546,-784.9453988409891,884.3984612408897,964.9478741805194,-331.16969294027854
1.0,-176.55908847188618,50.23150121045455,389.4217415803387,908.6885901818328,-188.0982013944972,113.50440732947459
0.0,-201.63730264526671,207.061025729445,264.49763408762976,-308.5112231981425,-246.0809364272214,-284.917932075654
1.0,721.3427021484097,965.0694129799422,-65.03675266146877,-887.0243040277528,-81.21265818549989,336.3962272168362
1.0,-335.1507356880438,-70.6137662924018,-539.9550147811203,-334.4704118171138,172.76088654642035,294.0078090250256
1.0,165.3215120698956,256.65486172969247,218.83929655450777,-259.8656748655127,-141.22449249652487,254.26659739212323
1.0,-62.21210339063441,509.54623547321285,916.2914047084607,-937.8378034437355,665.0542163964317,-802.8271755112299
1.0,845.542739217633,537.6906738710636,-930.2979234810985,752.183522491473,-871.4813361056331,325.49611091918337
0.0,-91.30245592821211,-213.54825024917795,-17.693382440533227,242.3976170357192,-121.59877087893832,146.5452521026685
1.0,121.80495723710374,-902.3392011396471,582.1213871576495,-590.7120978369602,850.4483040724042,-984.6525922867241
1.0,-31.754960472623452,415.47980340170216,-271.6944264137437,-58.596113620952906,-454.4180359563759,608.0265928276419
0.0,-124.62978632924141,-25.200110233665754,-7.348363633788704,-24.531793253119858,-198.65037923262938,111.15569573714244
1.0,-862.4823966266841,672.3059673844516,-892.9013146321698,-969.9777339977784,-239.54977532033263,313.67866021218583
1.0,-374.73185495900395,-92.89839091200406,-254.09856014389652,-578.4614125286596,-900.2935512858805,889.9875451942651
0.0,-227.82429784893924,-172.2284700809896,10.682113026164519,73.58364185080657,162.11227298324104,-10.128900100016192
1.0,-877.7264016792753,-119.42770879432987,-132.0495713469296,-942.8186404599188,-507.1931910746712,735.3901460081597
1.0,-492.151834831432,191.38209706680414,444.37990736400184,393.96178071566965,915.1247066810076,-457.1292817427491
0.0,-89.97580863431874,-203.998760123139,-18.740278397593734,240.42257398961138,-130.870797112175,143.49467141155648
1.0,-987.6119170900159,-885.8453220414366,-929.8273895590728,-587.3903657497219,-348.6994638280811,635.322115495979
1.0,289.3993440784102,-911.9784476586079,487.5232621293608,952.3162778306692,-557.4885340310844,-321.1447574520097
0.0,110.85894544460767,223.1116706755188,239.7167007710773,-209.89953799307526,-219.73670244881117,154.87648980011204
1.0,-159.1547284634454,666.1594441273342,-884.1448067013107,-617.5296690077761,877.9292671480441,-338.2667688562191
1.0,-629.1125996823304,207.14627680446938,-109.97788335531084,857.5071679399998,449.37932550866753,-9.70067614356276
0.0,107.95165868642218,221.7138688271869,241.99451416114826,-216.78756161508016,-228.37242794714453,152.44827297422944
1.0,-516.3523838920514,-855.9022813424331,966.3299867094061,-766.5318989023724,340.7911419069487,-251.98075781275645
1.0,666.2885209920246,318.5269067246543,-880.3232487108025,-884.9749487436073,-269.1292975424326,-673.2697261019134
0.0,-232.83327163750633,-168.10774639563473,7.55233108457381,72.16080667295715,180.11670977244376,-15.536056259819421
1.0,736.5291945034676,-565.004610658551,27.32392460020901,-412.24397725930316,-843.4813114784633,595.6388550957497
1.0,229.29707609085426,-504.869754812205,654.5149134255194,986.8568508853944,-543.2058212034412,-132.35460966830465
0.0,84.96412869186481,-229.2578300677458,61.40216188553453,65.25328594969756,82.12903323614725,141.9951119519045
1.0,784.9512858638886,-729.2019948933266,217.04238569410427,723.120468901144,-105.96464748138692,-89.66004856660925
1.0,980.1519286178134,-388.5787769136391,5.935611055813979,560.9140584280199,803.3583152721301,515.7166327918981
0.0,-231.01396689675002,-175.86044592559952,-4.190445352138617,67.50618371658038,170.829466485389,-11.617549623964537
1.0,507.63741822326324,-587.3495334761656,-325.60671957425666,-770.1781818506344,444.3749782381092,701.9144926436722
1.0,846.7414173233174,71.36445526454759,987.0385398346014,8.551444564785129,-108.33454797128536,-94.23743703789796
0.0,83.17495856064316,-227.13847348148994,57.35396690288843,69.7873535183186,84.53968917904191,138.24812403092878
1.0,761.3532109392575,-991.823887944715,354.65746078033294,791.4767761177247,760.7080600682211,-827.0567444926613
1.0,123.3377322977135,-438.90712357708765,431.2379836349023,-839.4780025896366,353.86879364999913,686.88829607444
0.0,-242.95122077082831,-159.3446629223341,6.04765683287561,70.01312879741712,169.53431377004318,-11.864072664955406
1.0,-805.8678847075212,-998.8806199862204,677.9590531906665,658.2689640328954,-650.5451014992767,-294.6643018353976
1.0,-683.219475421841,-222.72781317252657,-667.2118034533507,-85.1693279163494,-681.5025799264081,47.880675060515614
0.0,-58.953214707121745,-110.62629423716385,-166.65480488214664,140.98367351712403,-233.3897536983629,-124.17197063540186
1.0,-688.7514686851202,430.00508575621006,-512.3388637005708,-641.7416713448242,945.0490302723847,929.3498413217976
1.0,-17.915193651908453,-104.92482607991667,300.29088885687975,-165.93405282797914,-443.9352822755674,-32.84173132085937
1.0,174.71337687597386,254.3519593324441,218.9968433672527,-248.3225351723542,-150.34420767370005,267.9274987675141
1.0,138.85350426244872,-260.76255736081964,-764.7012778947288,817.5689415164513,-210.0256384056887,-986.5923492679672
1.0,657.9247163060584,-807.7967573912637,-353.1119406902852,553.2609334576425,-272.34280988543617,64.46102968381979
0.0,-191.37076742861112,207.70446381948375,256.1972149195108,-292.79183411750563,-242.96879058683723,-272.8219027672142
1.0,-15.174221341849488,686.2493192008283,-866.7910861973389,-911.2749564732468,-339.7993269730149,-186.2714913893808
1.0,-385.57064784208865,-284.1425873435169,-349.11692827635113,951.1869663971977,-956.1182910449782,284.2822999570735
0.0,-303.86073749845093,-78.79712035729483,-134.19042339107574,-9.531928678697195,269.5518700731718,77.62851671278113
1.0,426.60286011777816,515.3172574443768,788.3101824349344,-710.8802526929081,167.91750185497858,166.8959486693684
1.0,667.4242833636865,331.73867816299617,594.6442549667393,787.7729896549952,75.63756887807949,-391.146301215348
0.0,-231.52546474481383,-165.7683812662094,6.278443868002199,62.38142512591023,179.16213831706867,-16.761039099551155
1.0,-825.7477477709162,795.5357076565451,-218.3493864499377,432.5636652951746,46.270830924207075,820.8755267289132
1.0,850.4561383133246,-735.4334561298192,-373.69622017331073,-430.0868951424824,31.347135955873455,839.8064915961556
0.0,-234.48956265356586,-166.81501664117965,-2.5804661278446708,63.42361585575149,161.82401321694698,-18.569511644600706
1.0,-470.4694958865681,632.9985271848382,744.5845467633505,262.29315305819364,968.6272857974616,-109.63646070027687
1.0,-194.67391531352973,113.78412412525608,-136.6450621825635,788.3986710562729,836.8984449943869,466.1006845393049
0.0,-231.85092988932843,-168.68603300116214,10.897094060341061,61.18959164483098,166.57700798018323,-12.085674876558812
1.0,989.9911270300311,175.42985039969744,-639.836480759597,-324.09954235349664,-545.9931232478266,-939.107890721957
1.0,-820.1754468464111,243.44125030473606,-53.86360966267296,-737.5068713534363,730.3179017868692,938.4297597967288
0.0,-190.80472342527827,212.38859794280307,264.1709934612455,-289.40178861750235,-260.25688929758854,-282.626698551011
1.0,-620.3953488975989,32.96696867535388,-368.0322560406663,724.3229431349955,485.2529978410337,-666.0441560302095
1.0,340.4205790705189,-734.9048710885637,97.93044961832015,647.5999736058791,-885.0588563288466,928.7473647101631
0.0,92.14092757503573,-229.08420969851224,57.06004194141885,74.01065308974684,76.01677159958122,139.95918045523726
1.0,871.3880913205339,-90.86892706045319,871.7023037931967,-595.0615349327335,-90.0860583681349,-220.2338997476636
1.0,828.8444150446094,138.18168057259595,-651.9929965027907,-240.32102700752557,-528.5274033631072,729.9769799463654
0.0,86.55586527548789,-219.77654067942703,71.28956226574986,69.38897988478993,76.70926007419864,150.94764735517774
1.0,946.178938247328,-231.85369658051445,567.1093583321986,186.80848120114115,-137.48852729508383,921.6116039751519
1.0,-582.3525153657743,-169.5865371144563,-32.009783926374666,923.1310824264617,554.566683688327,140.26942250530624
0.0,-66.99655749505591,-110.75575633807202,-173.57230888448498,148.6753801965923,-234.37638281214052,-135.35724581849436
1.0,-914.8259428727761,389.5830727952389,865.1532590835179,669.2450198656277,-103.33343593558686,-895.5300328196296
1.0,563.6626170797533,-107.02095103624629,-399.1761131711429,-460.45456392761434,-205.05201456617363,-277.596060581844
0.0,122.72036036437554,222.3957005984685,251.03434760522924,-215.9943567878527,-221.12077462536902,153.88689375712212
1.0,-304.43307859441757,-930.258774483562,735.7853661999063,-324.07261630164896,369.05776639195574,51.646646692586046
1.0,-885.2525880093805,112.88226764563706,-904.1480703303811,-653.0186354245031,-505.85330122842674,-786.168443252411
0.0,-56.81583868397941,-106.3460660165359,-178.39696507063766,140.42096804325712,-215.69663741163512,-121.91378359796693
1.0,-191.34818182991899,-413.4216091620307,-392.6792333467637,81.77054104083481,496.214786051434,-771.7312704451216
1.0,181.82190983951978,831.1485381159932,-160.74358028081747,-976.6005650026883,157.84970013726115,177.34622360973094
0.0,120.69368538974291,224.96326018416994,241.26714356330086,-205.15388459679,-214.62262008735564,150.5856075786285
1.0,627.6461328637045,-780.2364757029989,-718.8103452741186,-263.520180781083,-989.3470042030231,670.0662020714808
1.0,177.49644453551514,415.3023888631483,465.53540092816274,170.44698610936598,-353.05880333778634,-556.7245087207789
0.0,-51.270564181919326,-113.28035760009644,-171.95938058756826,134.89858988187586,-225.08549103081793,-130.79233139644828
1.0,489.8008478079473,278.94684709989474,418.1650351067128,-900.424335216238,249.29650608030693,-631.7279596869569
1.0,559.0426936819961,-867.4684912496034,309.2814614974898,-273.6667166093815,107.29061305023879,-945.510488201406
0.0,-83.51387848679754,-211.97181838432587,-15.421845193850602,243.5937420181659,-133.36702458633928,143.22099879151656
1.0,83.18505849888197,-882.2137996579493,-314.86571298913964,409.6861697431709,952.0679789057749,537.0451465790277
1.0,399.0025777769456,-62.059488698080486,540.781628371099,579.6378817326465,441.75377156968534,768.1553608706361
0.0,-73.44706902713224,-217.06235244641482,-17.836449556313465,244.8391146285514,-126.57122849226751,141.82239474228518
1.0,-503.51496203294954,-53.073907657275754,-168.97137645387363,-949.320577929327,889.4464772135059,-911.7027135292699
1.0,507.40147662323875,307.15831272650985,776.6835049975759,638.3923056936533,717.774022819307,-97.06211202991994
0.0,110.23912770159835,222.93723734872066,239.00378677633483,-214.14706382038858,-215.658780742057,149.99535985561337
1.0,-931.392593868605,393.05304229539183,-351.539596809058,-19.589052914175568,-948.7876916572188,-576.0795845445672
1.0,-436.4337721494991,321.2070498647106,203.72954715927585,596.2201880507664,-475.0454543813247,367.85103957021624
0.0,-201.41566909686154,197.64868137539793,249.36490832561446,-299.11639247874433,-255.65533470002254,-278.6379227566685
1.0,-68.70512712518303,-11.850357317903672,-129.59833378937606,-377.02302717663656,844.694124983152,-108.50565716855829
1.0,423.57650422003326,732.1206837185373,900.2490134907985,-524.1023435301872,113.58465217097432,195.266244526151
0.0,-301.8748335520729,-65.39293996861035,-131.74448686959298,1.9012067113115734,273.00638299299726,68.55272370663431
1.0,322.8696862057559,66.32646849676894,-129.53026975870569,468.5109676928357,816.6675212350169,-34.67110357452259
1.0,-240.32689570395087,-213.09428247250548,356.54178921433777,797.8900048746459,304.84862083179064,746.543913142905
0.0,-118.39296824557273,-18.245918498763743,3.076834746252331,-27.036721925690344,-202.9540033517341,118.72667137405406
1.0,932.857852989214,572.4153619705698,-773.3645450217967,806.6783012159722,800.6893505797595,788.4773707625704
1.0,-505.18622272852133,-245.85270255545709,431.5417746851547,377.6547349581447,-449.90418616265356,304.75681544587087
0.0,-132.0596750656664,-25.114022258637192,-12.221461987767103,-37.06414606201399,-202.61699734928445,110.62380322365398
1.0,-102.04094739808943,743.0188258856508,-561.5137573094884,580.5424073018726,-418.66825693523333,304.8826358713791
1.0,352.7561190260476,739.7996091994519,458.7812280814112,-757.7581226921917,610.5482737756302,-990.2289312811412
1.0,149.54064321538436,190.84074170984704,149.73431147083156,17.85608387936561,269.92610007411264,-85.46614129980492
1.0,335.4798890895038,-157.32566830690644,545.71535277514,-795.869877601071,119.69472577165106,-643.9706807864416
1.0,643.9867694035861,904.2080262885584,-645.5442844483982,-407.39774718201454,-498.8053858031678,-343.7742068008945
0.0,80.99185044071068,-220.9606988456418,56.17864634277833,67.55718791623127,86.07111496754197,137.60985425989674
1.0,-603.430129949382,-868.1353043180162,-445.88533549342026,-685.5211720477381,236.33459133336146,215.24133462788404
1.0,-292.09087775843034,-212.54881764897584,223.57008114104815,-791.3020120092449,-814.5293339350163,-384.44969050274085
0.0,-237.73838581824847,-167.35802053246115,-5.308747195824365,68.8610559948307,179.64541351783637,-12.950208240181732
1.0,335.4015976096657,539.3074360408493,-329.7421213322307,772.2900996016083,278.1839428002538,-426.51213583389676
1.0,-576.9878257412495,-174.7449953314508,-397.5312272668059,-987.2528456227576,-964.1932426911926,-975.5798483751961
0.0,-82.69045751996205,-214.9355148714411,-24.079587777728833,243.4666934893966,-134.9436197150712,156.84034340238816
1.0,-648.3959997899875,-694.7390518204903,745.8516124312903,-779.0506161035828,141.52373792924232,103.36211460357572
1.0,464.3074305894545,-644.6332811358067,347.1542163652132,960.4773215885623,-711.6715013929831,861.5497000861656
0.0,-229.87470623851945,-171.0403221150218,-5.335913605972978,60.173313561514256,172.77415011288736,-10.072982992239288
1.0,-782.6064060300031,-717.6912114372656,10.339252326678093,526.3081249716274,-202.8177820854828,842.7762344859325
1.0,761.043938285934,617.0904571613205,-182.97835601272254,-420.84665103359885,324.2768533619187,-931.4798468604171
0.0,-287.1027460760019,-79.22805727523584,-129.4332030605804,4.199637452294766,272.4216750242019,68.95675158974865
1.0,334.13370115568296,384.2867806674601,-280.92095122822775,-987.7248463245274,-408.79263343685056,541.6220369403475
1.0,-143.20640630995013,-78.82114919294997,210.95968182311867,865.730804236483,-654.4849717814595,944.0337187789305
0.0,-302.7796679498982,-81.50570380779615,-128.39797074242946,-3.1428727119734408,271.71563555860945,78.37452646299774
1.0,291.11495198777425,-566.9443523293232,-532.216859663376,-186.65179120479377,-254.4704493189331,311.5318165827837
1.0,544.1578900800916,390.39858602907907,-549.9827196340482,-357.3679852474137,-960.2961669347902,-845.1511591075074
0.0,-56.93078666615928,-98.2717529379271,-167.03958391589865,145.67527434870283,-220.0654000390043,-130.1523881532023
1.0,503.5535313399723,267.42217077430996,677.5070164110366,-574.1420454884885,-435.0325904641277,-17.496726194690154
1.0,-161.65443281018543,-615.0313546222466,974.9116785784054,-252.78771958183802,597.4720335417646,201.88406144321038
0.0,-240.6075881137543,-169.2718298261662,6.9366145744414585,74.45653118119131,164.69935258355167,-9.542370180404761
1.0,-522.445838242138,739.5675171904184,-167.5950521662088,667.3422601979889,883.8986259005708,-950.3434537921837
1.0,-919.7692638186636,146.56223599006216,448.1002804555603,120.3869425767341,789.7519638221911,-183.59332075758994
0.0,-237.0917321345285,-161.2664517688346,-2.5793676124348233,65.75420793130155,174.56495460836368,-6.500266958912416
1.0,672.4552425364577,25.09087587934414,360.9794089085301,-831.4970686081657,442.0305941035401,-640.3486667294835
1.0,-833.4983437410701,-292.9017955861151,-826.2712553749562,949.2742502767435,-947.076951857392,-7.088061150158069
0.0,-119.92881463024958,-15.347004219254426,-10.84467624893073,-26.33776762191253,-186.62441637985629,116.5819854106181
1.0,-136.9797430918287,-470.8723784123923,235.82454037372622,168.2307712145007,699.3779861541227,-324.40026809652215
1.0,-267.4095912956951,962.3945179230338,-882.0765827179804,-778.8017135869322,456.9670758683251,-651.4488987606346
0.0,-194.8144107810784,211.52265801712554,263.5393296461942,-306.96155300605767,-258.6464059441206,-279.98787802890075
1.0,-557.5699882675167,-628.0173695606992,275.6221415099333,-910.282052930868,47.6107969307709,-349.4014760212174
1.0,261.775966457569,-47.63607029888988,-623.4078440447995,-807.09502193295,-186.83344654259554,-223.98183431568168
0.0,-243.18475898036635,-173.71128005908295,7.5954994982866495,63.48139474351379,165.81286273487376,-17.19502592716106
1.0,248.13224301573996,886.361779098082,-0.9518682310803115,-471.6027768277862,102.24887795983386,-860.1603091885556
1.0,327.3983389261341,692.0161395645771,401.85811785521264,258.90896465534775,-548.9622993532197,-380.29411111947934
0.0,80.05374121136859,-221.74960110948336,57.958162796125144,61.176868983028626,73.17257795897166,134.3657410084377
1.0,76.79929958495745,355.60853330857776,-868.5239188862115,239.33911950075503,-735.5836586384694,-123.31775420274744
1.0,-683.9583186901345,491.44502070165026,890.6129791107949,599.104255109766,-183.73963113427476,-816.6793310684675
0.0,-227.1988037297419,-163.69054183023005,-5.828961948315673,63.37106082990235,166.4567253080437,-7.467913908891386
1.0,493.76772279446004,599.3594875996669,518.545550834122,-570.9382611738351,663.0007306728157,-806.2236308803803
1.0,-60.412200091091336,104.23134100708376,-745.1530456632172,-838.1143455116071,-803.8464331416207,415.51833153409257
0.0,-301.67185032561525,-73.67840971071853,-132.0210144553186,-12.609146263659284,270.2552390226393,81.16784139861792
1.0,-683.1434186325428,312.9130857658288,68.04074061560664,377.42473741601316,486.1843543364771,543.8843827028206
1.0,-587.502799701265,-920.0946199306566,867.564862511987,58.328897828599565,-552.3934057198312,670.1733628441368
0.0,-188.54043173350036,198.85008795439606,257.28470124907346,-300.1854651167846,-254.29188888664297,-283.3333677494375
1.0,-664.9066066777851,627.9845909523142,-722.2411129773875,-118.86350507567386,799.0958476779394,-39.786271937366905
1.0,855.60225584622,766.3213577916597,-246.7508857917784,-332.47151868946685,-227.43830257024797,-35.55424103925259
0.0,84.73735229051226,-210.61929184502384,62.2438626562157,66.53474095646911,78.46791574485289,145.93591849505296
1.0,-774.5708611847173,470.0669341812195,-764.5131066682076,-740.7184573253869,442.34884639996494,-634.9497664847886
1.0,-122.63016112448508,-436.033846949597,-656.9727141368036,-18.80010143672871,-997.6714070859658,780.2427331414654
1.0,152.00062521418104,171.43280388426356,143.65966101364262,26.973819899229454,268.2324607136201,-78.22950658503359
1.0,689.7454150834355,-439.2909957964886,786.7540448591878,89.51913523632675,-127.04206768161771,412.5145562143384
1.0,-226.85469070925274,-724.0761050743299,-751.9212444431964,-550.7433298986057,175.52220131153695,-822.4306834175508
0.0,-135.60387694082306,-17.58702199419764,-0.058596791234375445,-39.226805670478456,-203.25960782980385,114.3834424158526
1.0,874.9276710338943,490.777971113552,-796.8450031471803,843.6154647017797,681.010979038296,-10.911207737838595
1.0,642.3831027877015,-867.2287334833559,-460.80437282361925,-381.9119375642699,792.22132378486,-302.22926283046036
0.0,-192.74663154065271,196.98816916089137,266.4486186215722,-291.139024046024,-259.5561058081313,-286.41345480060636
1.0,680.9345905673238,698.8615692168851,-653.9898278170559,878.4447001014046,897.837254565919,-194.92731887275602
1.0,857.3385350080148,574.1910179700656,891.6199083733411,866.0748918850318,-611.5152124919975,-255.11550346940282
1.0,155.6065286610807,173.08785407315168,159.507713273012,22.05547034297219,254.50418679558092,-85.56706570584797
1.0,786.1818218521589,-663.2344533431598,838.331825725315,-339.0120690855707,-287.8512315469346,-632.13768913928
1.0,-659.5224691747806,455.3370850532742,-69.32023646386494,-373.30150102778896,-566.0208534498805,-83.66805159316118
0.0,118.20349272422939,226.74243859693183,241.33035083606117,-207.66410273556707,-226.31330689269373,152.03383698566162
1.0,-215.52452285135962,-14.203124771166244,-181.68144787401582,857.6596140510069,-310.1362949021807,-928.0504896817039
1.0,-572.0112069269132,866.7931301502281,-565.5421064339032,92.01244192986974,-535.9871379322092,-139.60309077201202
0.0,-120.28989237346612,-11.497349500494877,-6.927841371659817,-34.309361801816436,-188.4907934100719,113.31582895620254
1.0,-70.32626825713112,-887.0430662528535,523.6202557649649,-434.909281305508,-655.1010700784352,-81.75393773055828
1.0,-250.69146571270392,-230.47961058316548,204.97117802351295,68.18233869296182,228.42498344874343,-257.00730466454934
0.0,86.91670527002027,-226.39783461357868,61.82285527473455,58.604723528400264,72.95602890853009,133.8771231849874
1.0,521.0655347014249,492.54680307360945,402.6245983175479,-819.4818859974368,-353.8014861101875,913.7018785135381
1.0,426.7666066735144,-380.9515780486537,469.6195367335033,227.6735990743639,-427.48586053670533,113.84346922478403
1.0,170.74158176401846,269.00098645881815,214.308891799781,-245.12373093442955,-143.7445182516327,267.4467208657928
1.0,825.3782388057125,-407.29191627625005,565.5298447301543,-218.80267629947969,658.6857297553577,247.80918664917772
1.0,197.527329399476,-402.134850757202,-62.62040661640469,-359.6352574801416,785.232821346744,-268.9418441864384
0.0,-232.87947123979387,-166.78135732871982,9.656693221289789,65.67591197002507,169.86051888215638,-19.13729119467487
1.0,-275.300602850896,-620.5680378446698,-714.0721331320394,-759.8691029426594,81.4225006334791,561.1154811700756
1.0,231.67249720683367,-92.39206599789293,-644.9062480972998,-401.9697631775733,155.9927606785784,-393.3559502934394
0.0,79.01484239158611,-217.24209703348203,73.95216630836967,68.89958410193942,85.76662911257206,135.05187180965765
1.0,-147.74695317486612,991.1382440029865,-909.2504924312499,437.5606360826632,425.00534102654,-383.1993039143456
1.0,-718.4504445589369,624.6293904524093,-708.8130454177674,16.294071109698393,991.1585755093022,-963.038758644081
0.0,-246.13171554923883,-163.46897103701565,-0.7574885484482543,66.1787145123525,173.77175479220983,-20.864224254585427
1.0,-795.0221018684784,239.61439049040882,-926.1859834377839,-340.8591268452436,-106.65404460715092,-7.450492202222449
1.0,-628.765461874826,-284.00320621367416,521.5931234333059,453.9415889661377,-982.8291302549892,111.39252665817662
0.0,-242.87544251637075,-176.6763633133527,-2.7000491002670004,60.725927025959564,174.7545177951866,-7.311519602706239
1.0,699.8619456290139,-494.6479116059761,680.8928673225073,-269.0040959756203,-516.4583581257402,210.93978694573343
1.0,-546.9905996774813,613.3619150620534,72.06018537777572,-266.24514380784876,-783.4405954005281,-387.69093819931095
1.0,166.81244707981932,177.77554404340245,147.7809019796782,32.17604111826096,252.44850778198077,-93.52696746929938
1.0,752.5128929257605,-889.022008718335,-482.4949730564589,-326.29817742418993,363.43419294077216,47.29663499335652
1.0,-112.13299666479793,411.78186577929864,-358.8485756950756,-196.83752553929196,758.8362399766052,-340.33965003169624
0.0,-298.08495516096025,-64.72864579128023,-134.27682363785044,-0.22256528548646415,262.5635746015426,66.16159356891966
1.0,890.2485602334546,-695.0426517932331,203.21029386523674,92.2449187542611,-134.47482884528767,690.1296325205158
1.0,762.3334247007958,-40.59263692785555,146.68936748471174,-476.6930746304579,660.3586673963719,977.161915173177
0.0,-237.63187357718576,-167.09255624047006,10.332714470604035,69.8049630307421,170.03495491106491,-3.7025132339892473
1.0,383.82303224059433,662.5663251274655,703.0242419860244,603.1545869816989,580.518826132608,273.8341638680049
1.0,446.2066128336396,-981.0801289004618,639.821506609838,-321.0801395770495,619.4001182091058,-927.9177022352758
0.0,-188.27796670656124,213.9901293590572,258.9123052764321,-295.3624185286699,-254.95398850929487,-275.52849584521573
1.0,-539.1802088136865,-438.2455706421167,570.34717185606,-88.76186191256227,376.567640156758,-154.39527206986202
1.0,215.17115535795983,766.9288569585847,263.15232960534445,537.9881933990293,-102.76050573309715,42.38046255983363
0.0,-194.53302436216214,207.56561543339024,253.99690188652744,-301.33377073084665,-253.66095520343967,-271.7083021580309
1.0,319.70948204411934,278.6342816642664,834.3259810244842,268.93802462788835,704.6033407760187,980.1270594656394
1.0,-800.877728701841,-531.8509109378795,131.00729369605483,-284.60620554977004,-927.8005662271711,717.1845645896183
0.0,-198.1588561983823,207.45508346371568,250.3771286566405,-293.1440228100457,-241.47792029329779,-275.8077417380657
1.0,353.8443359399798,-624.7477226249825,-852.6480123341269,-208.6177336301282,-218.51403948192444,-598.9083141672443
1.0,-607.706639312476,-947.0799900558668,-593.3086462991612,217.50689794632808,754.2894943095757,-18.741560478699625
1.0,147.0386248720814,182.02564651317888,141.8604532942231,31.311124617432185,256.0220947293781,-82.12236204880205
1.0,-755.4952427942087,854.0530426975183,180.87983814797394,678.0979532760468,261.9361673171311,-574.6273347390347
1.0,176.56554294058856,988.4780466695065,-163.00551881234867,354.602255637089,386.881581165806,-787.9356227361357
0.0,-69.31013411956903,-103.53789225018258,-174.02478418866866,138.5506575544253,-231.37047131599803,-136.51014292016322
1.0,984.3888967405451,-146.85851661924823,95.2945340738554,816.1512386276177,-393.0812863257247,-812.9013854223049
1.0,-64.39230712947028,43.75374555531175,-292.58791354160803,-96.89237710967188,-953.4305603803048,-472.10126360110326
1.0,157.95572783813125,258.27182458938296,214.11169804550553,-252.12315145407905,-152.28577471979818,264.05717200250064
1.0,-724.9202504164558,431.26096648643556,-299.6188722075508,-707.7903212069001,-54.514728146321204,-546.1260808072566
1.0,482.62441103463743,458.18574637710344,206.9657491841299,760.4037631737071,112.67138528471878,-400.95240466598693
0.0,-292.0104305587227,-65.41392371777282,-124.44423802062401,2.688921588719184,277.89334228318637,75.15734664733056
1.0,301.00674756708304,559.2353056050758,-62.52531736954256,-308.51656045701725,-456.06054425194145,-239.98457293467186
1.0,-252.06184148751686,318.21974618227887,-683.7994701569734,673.5955739759356,-486.8743268588787,939.4412680233434
0.0,-236.1476162170047,-163.46914700094155,3.6675317431784826,66.43823191337862,164.0889005531768,-5.12227178061444
1.0,352.70006752241784,-219.08472969655838,489.0056225380297,-149.46640755534463,-759.9718205249524,353.92999518087004
1.0,114.30505582362139,493.08972914926017,836.6129823330825,235.4345404994399,-197.26333640275357,-424.0325692588907
0.0,-299.5645246010688,-78.67612301551546,-124.60751595360237,5.998976479817138,265.47440358560874,85.83277779868473
1.0,471.0518851598688,-592.4045547995396,-459.576987140695,855.4830398541276,228.21078344878356,563.1984529332624
1.0,-822.2523585678085,-703.2627213961271,924.8264192604302,-252.82379163078735,-176.67125416642818,-376.0565464565657
1.0,157.11061254901094,271.51904309442995,223.86411971427205,-260.2556778738871,-147.153005013476,259.2417545790903
1.0,952.5139975857214,-328.8843085803268,-379.52495522423726,-969.2250606867192,327.92543342634644,-155.03476551230983
1.0,689.5694203005778,-596.5405561045968,488.18854638518746,-295.2950678603827,-861.2153590652947,-767.2816717896567
0.0,-51.69998571175408,-97.28288862677051,-169.4091686542504,133.82677317424887,-220.0386925201741,-127.22691056726507
1.0,308.9899138530575,649.1787925224678,-28.0094159816133,397.87352620779166,-831.562253421523,-781.8266444274882
1.0,260.7831815846928,430.46382248946793,-50.851782439275325,-589.5337920567615,412.48035614509035,-202.044372909441
0.0,-185.08636928456522,209.33738097773073,252.2994467759553,-289.6782289300006,-260.21637160246325,-276.8188548264665
1.0,881.056053822354,-991.1828144287826,200.30537907203188,868.947474539641,-884.5573219912892,-897.7537225527219
1.0,287.07039079592687,-1.5188951431870237,976.9464545720348,-824.7899747158729,678.4546773959239,-272.1414137953142
0.0,-238.48465131550373,-172.95900109660045,3.7397471441322594,72.24155969130513,168.9748480573809,-21.141536272287752
1.0,115.88067847925527,633.5121576109325,-192.4072632928502,-959.2891151589713,721.1352006843154,293.969301209818
1.0,-830.2089973438201,-815.9867479061234,-791.3728283238057,56.65029696444503,-516.5649194721814,290.1173435095543
0.0,-90.28899502571772,-214.69464863186369,-12.630330646785634,242.5780976375041,-127.5628535351493,151.42504018370312
1.0,499.0694256531144,-599.4395740242819,-254.4046865377336,-451.6410380773692,204.28159873122127,55.088451461111845
1.0,-335.5396517115388,686.9823985767919,61.445295116001944,-673.7772852719024,38.33726474359264,-604.7094793734955
0.0,-183.9964681987807,203.37415318090913,264.74285756472847,-301.40534617592465,-255.4599363300754,-281.73066680286666
1.0,205.7472420451777,29.93668084356773,386.71101875011846,-532.4949922412359,-104.9870002322566,369.4443116047978
1.0,446.1307431548305,-690.6965237613474,-474.1126549185599,284.9253456162928,342.8018697271025,-67.39355998947394
0.0,-62.9138179768565,-111.13658026952837,-162.24140696921097,135.49925808230535,-228.29572968740445,-132.15539919045722
1.0,792.9311650569539,-595.2155704595485,-902.2904771919722,207.65916226394256,-106.0558172752502,-515.5387369019415
1.0,448.10311322212556,-333.08490739425963,-175.16846287465728,230.91312875638368,-324.93550298062155,464.63838847048396
0.0,82.64708332365365,-229.7165489620954,56.698040838153396,73.35091170161341,83.4973609906999,135.2319837303987
1.0,-428.5420920764327,-89.04603435740671,-884.6045237027214,-739.0232115900715,-967.5129254252126,490.093245892685
1.0,-303.7182586620337,-275.86881025868036,223.16114322368367,-933.7049985971483,664.458965059792,-960.425331397345
0.0,122.69764407399357,222.10644761054263,233.0059555547036,-211.50802217621256,-227.2215437482418,144.01767618672017
1.0,-85.89919418392026,449.8914852837747,-202.23021726365903,-747.1166558835218,-362.7009057755371,290.1464303616451
1.0,-89.26009893530454,794.4544599328897,-30.03941887320252,203.3042845114926,436.4979164462736,56.261046341266365
0.0,94.37005035633672,-220.2170047340321,62.89066321683005,58.52509256204489,74.10695328571286,132.27131966039252
1.0,389.00144703337196,13.972589558224286,-293.30134265084223,-6.255410422946852,-817.0496026052169,987.4805440470523
1.0,702.9738868890884,-982.9418060873622,-85.21137050303662,553.018192585379,-663.0151890034117,122.35442808316293
0.0,109.38976223780233,221.061826460769,239.39422375952694,-212.46253976533762,-218.73168089861372,149.5224085124547
