0.0,663.7926686828921,-634.7539563059458,367.07087114910155,-769.2017666729789,56.431003868602374,6.516008713337328,-681.4652437147231
0.0,-801.3409159945439,-451.8317631579338,759.3171773878539,-118.79883634577345,-587.6705612673986,968.9438832446099,-869.4982854130815
0.0,-254.66833077043987,653.4604838976438,-243.81167232178177,653.7183395636869,-637.4791264065647,553.0708243408822,954.4141710453175
0.0,-668.1757735252951,567.3636538312401,-263.55535251548883,395.328814292616,853.8283503754333,-508.9533188642206,-375.28790485920683
0.0,884.4201620105323,139.46009267155682,-827.2019787574972,869.5828564657888,825.4408047288744,606.9744952952965,287.0225510725786
0.0,103.88170503214747,817.8619785374888,724.0248575844676,239.78476107971278,244.0197818919578,-581.7561061125353,-224.80007291250877
0.0,-690.7974123487948,-104.82583228365888,971.9473611185172,568.4412067301585,-876.1686661029313,-629.7701384101292,-183.26992396640594
0.0,625.656233356644,917.84894769475,466.8883988847226,775.4664346695097,-282.4420105660472,-315.61000119044036,58.42566492300739
0.0,-672.2907133299689,-815.7477214104309,-386.2550542243557,-540.0824232054977,254.93127539854254,135.04811898503704,334.50113344213787
0.0,-435.6759374523964,-203.98058684107684,-128.74931181784734,366.1882751654632,146.08352411940018,171.73334877773095,64.46346224882609
0.0,133.98795763109433,-691.0090869152175,-632.6082988611437,191.55853274233345,183.70718534630987,-504.1261435078703,-29.205177654469026
0.0,159.50145742034647,284.3227299967741,-124.30205647336572,929.3390679209026,611.8928630582832,562.4343715220739,-665.4329825590621
0.0,299.5271579054818,-877.2689522111563,142.78821349699933,-328.02551949651536,689.2738979932853,258.93383968011585,993.3183029174302
0.0,-995.8528849801776,-294.08406522909456,-290.16950304840304,743.6846322531826,518.6137849032375,-612.4722140130045,-669.5517902145816
0.0,96.21652463254259,405.21513837502994,-895.6024365745809,478.50228101253174,618.4545196308754,-199.0904561704083,177.94249410550583
0.0,-531.082504461945,-667.4051163751784,405.75715190666165,-294.80557278811716,61.827721071214,883.9091814515989,-768.9161827002497
0.0,-359.22069511705286,-162.43896863938744,671.314781605422,-734.257618336059,49.16640136351339,586.9908925372815,123.80421277609776
0.0,848.521046380826,153.75051504190446,156.46135918915593,-805.2716966485374,-504.607882014096,349.26988098175025,-189.04802953482158
0.0,-797.1980430509833,-332.3836209201771,-35.90013568679831,179.12375449239607,468.55815369598577,-709.4930702885866,-37.601980552623104
0.0,-461.4368729798297,465.5793150156685,-886.9385658791693,-119.9669842830018,820.0100818593128,-981.0634007216821,-485.969344371366
0.0,22.70920224829331,198.17446039562105,-48.610961266760455,440.0473076916626,-168.4340703061822,360.2624006896997,404.1394255484147
0.0,548.6763263391888,-91.5867080287851,665.7757289502019,-985.5538371260237,254.2280317486268,207.50485199317382,527.3823783145353
0.0,934.6507399699158,306.18053092565196,-900.8538445870391,351.91214990397,147.83857453987707,-969.493715247905,-969.399886987927
0.0,79.3947464699404,355.7814575418647,871.4238202934159,899.4858080901865,-990.3151799948462,-376.70432049489295,903.5694753530472
0.0,-26.370296303247073,-760.4391358175158,639.1516898299813,-925.9563767981617,966.5385281955953,727.4362406110902,-456.0428670517284
0.0,-459.84697069220306,-838.9267650847614,-445.00174305026064,104.631241395909,-338.079380086608,-539.2089263336964,-318.53809496945246
0.0,891.7533705376347,-453.30283812210735,329.2180031846656,589.0693547266628,112.57500719011409,566.000052482497,-91.90674978563447
0.0,-535.5058394872447,-829.4964021612685,-450.58043190952037,-933.0454194209044,54.686893235583284,83.61386414270487,679.5989520150911
0.0,-244.08734897889178,-546.459910138543,-644.2147728034378,219.5183891751119,204.70971418909062,-32.82207964052452,-780.7076027891756
0.0,73.82838689568871,792.201968239392,83.31907907385107,-511.5654560221026,-835.1048170207791,-954.7387199651174,-209.34891123855868
0.0,-448.70943270517773,719.0955306466537,933.5492103863699,899.3180429379408,315.37101194893535,-544.8682297611691,440.32102232193233
0.0,996.724225791995,681.5268365708291,399.13426741187595,339.4186319959158,705.4409017311862,658.8327456071279,-345.30308795745964
0.0,58.00596943236542,-589.8030014591602,-756.9544430257747,-895.5932463087702,597.3055447043575,-837.0949846829636,-948.0447426142218
0.0,146.01794315020788,663.1690627779753,207.24798783736878,378.8841917846712,-998.4331236025316,28.77541150312709,-102.0568351801245
0.0,-519.9233913951548,-197.4717791659408,298.7841238000656,748.8439544745331,-57.44547749025264,-842.6808243556671,357.7011237844638
0.0,796.3227217682868,-580.3682864227953,-860.4151007347771,-213.9964659734827,-532.8219012066481,476.32557551660443,-849.0834712714666
0.0,842.5565421648362,325.4363708731705,-577.9104413960652,-939.86104292308,956.8645507087529,-10.815669282738554,192.96341148950341
0.0,986.6005471748463,494.5756590141673,726.3641494124897,866.8964457271675,996.1898134498392,-629.8494671833828,117.21934790337241
0.0,-118.28165553864699,-403.42528629044443,-465.9990717026843,9.82614647578339,685.732053830712,740.2239628431103,-820.7124620974073
0.0,652.895711475479,291.63564594687205,939.0654224458233,294.1907389021362,-220.7465140927767,527.8297842949964,580.8930665785067
0.0,274.43966785788734,-441.8002506901189,638.6760503017963,504.2943324508194,-136.92855036543824,831.731091201206,544.1468139622373
0.0,-418.34640481361896,839.132721048333,-739.5862186014288,373.3443362255846,140.74861423508855,-956.3390469739556,-996.5137925922487
0.0,-855.6256051429455,-276.8006534143534,-782.185122079506,547.2894216785396,669.8169709805913,831.6399045095682,-348.5338144192707
0.0,652.4065155511178,-708.0554213572588,506.6308529449648,-124.75625222936594,-60.31970232662218,13.122049198392801,-872.9221024789571
0.0,-283.9557928608996,561.7531562286501,-351.67458142890746,-328.89220468034466,542.803548750733,11.827436803708565,853.730498916346
0.0,596.9534692273271,-606.4700360055172,-611.2692014148013,-188.18625714893028,740.4037308102816,488.56154374400035,418.300762461291
0.0,-561.7223163094056,274.5000041207138,812.5764809028221,-872.0448177928604,344.15003201498166,611.2321471598441,144.34017420113742
0.0,-688.0998015151067,-784.6726813585623,94.56193026682922,-882.6926164447777,-347.2155702508812,-496.9675453944844,-512.8758038551309
0.0,448.5922224667306,-664.2606366016569,151.0204319236732,-528.2690052603575,168.43990992446265,-604.5983864964523,450.13953113808543
0.0,-378.13400244568606,139.24775484999486,-370.6249471572154,498.762530592639,-656.5062582246773,-90.68420515489572,425.6594674663463
0.0,471.764236690351,57.4257181365399,-876.3205320920396,-778.243835915742,169.3504053937097,-882.3102936482456,-32.89887545461397
0.0,-167.97142284497954,-416.3018396604881,-98.3622962332604,538.4908826577457,-386.0392874400842,758.0504719384062,268.7413533461454
0.0,620.3105188800387,100.91197004362652,502.2201116913261,299.8921021243857,183.51124686611251,913.2722225910682,804.9386316835901
0.0,-634.1256189057685,174.19749453525242,-652.9237129412027,51.37732995080205,-607.7411942926141,-585.8723512519439,946.2039430849445
0.0,-187.47006532200646,-112.71971197320488,539.9542327867164,-491.37504441394975,-169.37789867490687,811.7695834502579,-696.5862500300179
0.0,978.5016020225598,-790.2954162169631,89.07241660589398,-782.4209046730028,114.16545466895627,3.7690875265135446,-243.9762721650476
0.0,961.2530792307728,-204.9129846684765,568.2900676815755,-932.6234988067148,-364.1387207494595,883.7552334918344,-587.0411253029567
0.0,395.51439512101183,-181.2960818035159,235.70783971672972,-1.5419039961890348,-917.1969682902435,472.938328283916,-621.9861879170703
0.0,-744.0639729928496,-931.1932747561247,-191.33531742632454,665.6121815921513,800.3981448795632,991.2060939531307,-638.5148959469911
0.0,-546.7176985785709,-335.56267467900034,912.8172596881252,0.7335801503998027,628.3312562429869,-821.5920440648106,347.6150997852578
0.0,712.3716657405741,-669.5424398983279,141.69875324311602,801.166994264848,592.6819471382883,-416.1681086928048,-846.8517955354182
0.0,118.25437169894008,660.6303444261005,-246.09795387385566,365.2323529846078,-22.437198542466263,-878.8896017981642,638.8014200356558
0.0,-25.788861656056383,475.8909398463936,518.1593832359845,-505.31450428133184,-702.5427649295098,948.9382600465283,429.9345383884281
0.0,-751.0226268549092,-604.3498949225936,-873.419278916223,166.4904236222178,-857.1122953046923,310.0431985457137,999.7065982103345
0.0,972.6537806213094,533.8970506073451,-818.6981297261013,690.8291652640071,-959.4470329152293,-717.8230289665821,91.85315483686531
0.0,-535.2924796258442,-806.1595395321704,228.51000097742462,235.18974907718916,-754.5388296104629,235.07733489015186,-487.32266787021274
0.0,-861.5390100123998,-478.994746604017,-767.0376953674518,137.03253287250072,34.50081236321648,674.9077049035623,-202.07874873626702
0.0,-217.96554961983077,592.1799988200962,-681.5316192471685,-131.9004777227941,-879.7881583942462,385.50682343759786,-358.14456816030304
0.0,812.5531598924974,-207.11931331895573,63.14518164971378,-428.1396563729461,920.0436211973793,792.6181815915711,695.2904480544612
0.0,63.49988376128181,265.0844309527406,175.9312243099771,-167.6258841294582,-108.07399934585885,-162.41112746437648,983.2979970292563
0.0,-77.00925264578837,-581.1097705616658,-390.6147137600391,309.4844384518674,128.29708579695466,-520.3844855348327,444.40823011817906
0.0,655.8130745291176,-675.0426050209508,-553.0119700542629,230.4891577228782,700.76715316692,-147.32817203424543,406.7867943318115
0.0,-467.2060168343113,173.2881376367202,-175.76707177180765,571.6386399308833,653.6127773212643,305.10896989027583,-995.8445179844706
0.0,710.4580522385297,-904.8197668666706,345.82227337945665,-200.10782137900458,-198.93049214671657,847.1546475727771,435.1121572750435
0.0,-524.268077546276,950.3083227264556,585.6554444801116,-313.18321500856246,343.65627284796665,-548.4899589143188,883.6816873887167
0.0,-934.3603201692894,832.3671454409387,720.1564239495133,938.6226173955599,342.3496468892906,480.3766320695304,-348.02002087772576
0.0,899.1176814668108,-238.57284623356895,-294.1205618024809,715.7825506063666,493.75189911688403,411.3482758120813,-618.9243370880369
0.0,175.6504557918729,-419.10272440321614,912.6188224445002,-700.2756940398644,-178.5669676214037,-707.3633249311447,-227.30364686621976
0.0,92.63218539895797,234.52358281088232,-696.4799530350003,-264.0811182116223,112.27998303637833,603.9471267522954,819.9588474234083
0.0,31.914178755137527,878.4820350987543,-489.6444559321291,-211.48683602243375,-368.75598511612975,148.13121414598686,-79.09495260225924
0.0,908.5384018299044,79.8567531140859,-124.41428726138247,951.2910012077916,956.2251219681862,-578.6954658445391,-660.8712735300139
0.0,-956.1785751109795,-100.65540297217092,-916.6698106938986,-133.24091302215345,-796.5848126038118,-383.890592323016,466.22613182133136
0.0,10.557420189974096,-196.89167066636412,570.3856113107361,-165.97304400857672,-386.17687062492064,-701.1661616088161,-453.7388445853119
0.0,308.72371811446965,-738.524929796713,464.0759247463973,330.4600953087454,-294.1485826072301,-126.57425012552073,-914.215566596785
0.0,406.05334922315706,-841.4889855323668,-569.3813412341501,900.044604985299,-707.7871695468558,65.58677740150688,638.6199916220539
0.0,425.9216525764991,523.1398120328868,-539.1485927504451,425.92493049874565,-510.50386933120694,-752.9161325586513,554.8302234547191
0.0,984.6547385972426,899.2284686659652,-541.11713382668,-558.808046353515,-97.9615006180876,-900.2738711533605,845.3183334132707
0.0,-987.5015868095494,224.466979590145,-437.27605107132604,646.0455978911332,-252.29100920368137,129.1198058435707,675.4322737678181
0.0,-687.0897790337615,-328.1871218130343,-571.7150325684572,813.207343783658,-506.1551842510563,88.15482533009344,-355.2539890792541
0.0,-375.0384760608563,-688.1931884600141,-242.81290918019295,-309.6774036864805,-919.813958881982,163.7885838023201,355.07599113759966
0.0,788.3610410918395,635.3722621298496,131.64916675649215,334.33243991977565,-399.8817561150652,-177.4116476489702,-249.41376304539722
0.0,-621.1594080823315,705.8246936276134,-840.375892586825,256.46529894577,428.42662277053046,-31.782949121412344,-923.2638354522182
0.0,-187.2004146039436,-54.21872332571479,-387.09387757383706,823.8650899838381,952.0218604047186,-585.1156170084453,-337.5099954610781
0.0,207.11208800531517,46.121269370485834,785.7427164164785,442.3656539858157,134.66969786787126,-496.11476475456607,-976.9952419788412
0.0,-710.0932603485842,574.852174371305,-253.27624952060864,-389.0256061804371,35.79628043794014,630.9513713542492,696.4593081160551
0.0,-535.2209443232457,414.8419088334306,-361.57159307251254,498.6494801155786,124.6323427860575,-122.57601846105763,340.95404660473855
0.0,689.3228780516188,-837.364154214571,-843.9568406565771,939.5823048210414,977.7767633324809,-220.7426575011326,-664.9580406465439
0.0,453.0252826095457,496.26213571866424,96.82567535902149,601.6396845903553,-478.510040502302,672.1140105045545,-787.0721632927834
0.0,-638.5069172701944,-433.44075134236925,-105.43979979605479,955.0059773872504,-977.0441116628781,-83.9262576465079,-848.3908825732756
0.0,-657.6985491061582,111.53964452249784,142.5502167202992,850.9726700186609,340.9323343828337,-860.2841140072386,728.5788405053518
0.0,-603.7597798868549,425.78846242214695,609.490823443009,76.77484831904167,495.56925066870576,-508.0213187663485,597.0464495771255
0.0,-529.9166270194635,-613.4560431308205,817.0130703163907,-576.3112628729923,200.16041368464153,831.2006582008626,-156.2531348460683
0.0,254.33738561016526,294.0361686662068,861.9792255182954,73.97979279349238,-108.65002786924265,320.85703383631335,436.9561320496814
0.0,-887.0661725262771,160.55205223884536,-138.35836573791482,217.75162214806755,-759.2443033222601,846.7741560068368,-636.2773974113825
0.0,-174.5295595646901,-56.942518242277856,-493.02402243170195,-710.4426252686364,660.4384107304243,-446.15096898232,89.888998232522
0.0,-138.79689356128824,310.5197048503421,959.5946980409069,-767.5294172652691,540.7021084397081,191.43909700475137,-698.7701203777799
0.0,-996.513561170202,-30.253919330666804,-60.21737734436442,-61.27981501424529,-438.1146279777572,823.4690035604694,333.03601101443905
0.0,108.90710716994545,-73.29477467671938,766.0709582105924,92.01786836515271,-877.3874951795815,95.36224854794045,275.4731642057884
0.0,-624.7527141160065,-400.0234446113649,321.47499775922233,-313.3385330205442,-839.5465596704362,-146.90451493831677,-257.10121335823067
0.0,-302.8346852189143,138.02294019738156,113.3462180483275,69.03666740678227,-132.494524543725,760.8912964782512,-867.7683780218944
0.0,-591.0756926151357,511.02004401584554,27.74888469770758,-43.2314914251308,16.743711220091882,-995.4492200324738,-180.77728965457743
0.0,693.60599486462,-663.2249743167429,451.00513424353653,881.0128715295925,-473.0915784263401,-875.9008531794201,-964.5218928392565
0.0,-204.64528017662315,922.9779288419102,500.8446493511217,-724.9975969931337,-643.7603624425963,-424.70856746270806,307.6669157640324
0.0,-862.8352386334755,163.4998567547059,-255.54773226320492,251.83335517926685,-671.1729137910138,-913.0796556546838,415.28521074709465
0.0,868.1656985968852,646.6712308794413,-265.23652121074565,411.98747283299053,675.7910439499208,184.01911763147245,-150.30835072558443
0.0,-793.6356181019894,556.1472720346865,-455.32792194235606,524.5404775573957,-545.6244910340688,-735.79817196248,-34.19086963813254
0.0,-315.7902901994804,-196.37314656046874,-191.22578376198555,-917.8124265412117,408.56248307257465,802.7204534162597,406.8502493302153
0.0,-311.34628733327133,790.3162243964455,848.5826651461459,986.1615098241639,277.01834304861654,-616.3189972569464,-160.4171222890418
0.0,471.6948539789644,923.9552896676071,-571.0874879621168,795.9507738500192,-609.6864048173804,976.4723933190305,-683.275594533933
0.0,528.8674123869707,-946.5395565062245,607.4397510277333,-162.1562638337408,-987.5108564875918,96.59862740479457,-686.0309666223876
0.0,-825.2635136912673,-413.2969930668178,-65.1835773196974,-519.9745003789733,-978.757226311162,910.0425155417527,-867.8264178175956
0.0,886.2168019258895,255.20992971118994,401.7694609120383,-266.7269925517868,246.84255378214039,-915.4123029536221,377.4140858394196
0.0,-156.87627879205786,-897.40424439651,-77.92635043766461,-609.6835204304878,-620.5260503390391,245.35743276297808,-733.920064800729
0.0,526.2623233470265,-673.3392046929745,581.6027982762073,-243.40480085363515,486.3457978461731,357.1925245613586,-611.9258950464277
0.0,58.916703473827965,-896.6500573233544,394.6594311848869,488.93940649740966,37.44241410667769,-231.57870721061943,422.1243368314565
0.0,356.4979715613465,-205.64198884328016,-771.4707860592074,-966.0440216194426,86.34843376730487,-439.31864291741715,-679.0657649820923
0.0,-215.77359403116623,662.5135620525882,-627.7028796160608,979.1278474753224,230.85087353029485,-948.5253033949373,-252.2760177662566
0.0,-997.9931281890287,-191.18914926550758,681.3203361016842,-7.305223751897984,-113.64924541874143,-411.973639298036,-243.14398811546573
0.0,500.4247075208232,183.40537516755444,661.5206128724369,-270.391109050635,26.482168303528624,964.1624045644023,772.4238488847841
0.0,705.7248483850558,100.88531323860275,430.347430786391,-442.0108009852703,683.7028620665926,366.8613916211359,-406.11865694670166
0.0,441.1822096990111,-655.7825833918163,345.39834974986525,509.2279797414892,-677.5566058275554,356.14573005982334,-909.6261068149154
0.0,410.0165714616792,-142.72924018228173,-20.587846463706796,569.8954723520628,-174.60177128412056,764.9949397080613,-193.38085105909192
0.0,-588.1409310004494,-124.40030090628284,-158.09692508670173,182.10382473172945,222.7303777318225,-317.5810628751308,816.2159971879125
0.0,-828.2725167023524,90.36831767579747,-402.123356982391,-834.9818037165782,-416.52936537088726,841.3885898632839,-888.8403638690718
0.0,-414.3260532814503,-814.3255367886668,334.33419775784023,-274.0969763280849,84.87298940657502,478.88184843700947,-498.49845489347587
0.0,938.3366233911936,-590.8339552006155,-984.4523598506249,360.9037580659242,-151.8853042875163,-2.6021074377769082,192.25852633659815
0.0,-8.376647359735102,-768.3250983270559,-469.79967137956316,788.630433905691,-451.93472741017797,-470.6702669013516,-10.080972481055824
0.0,-76.40040394108235,431.5494435489345,814.8299791783049,856.4661452782614,-277.9012717659839,648.9793736204424,739.8832478853203
0.0,-551.3447855659934,-4.422195102661021,881.983908078902,470.2459910060152,663.5033719294622,-218.38151375671112,524.7428904530661
0.0,410.71363230160637,-814.5622166895081,-596.8784879266691,-488.12983829190637,-108.5579487418305,-427.73453021386615,124.70363868020831
0.0,-751.7962450812488,-535.1699076837662,-714.2283442845335,990.9737304506689,423.44532347948643,789.2448480551277,-444.7311573301596
0.0,131.14391621094114,960.4716525013273,910.5082830907745,0.8436727745202006,-7.94162576975441,-74.93425440622127,764.4028453003064
0.0,-510.02954525769087,-909.2252326459176,-716.0014826501389,-885.3064218658512,-229.65137361645827,430.4154596275671,-501.80307338052455
0.0,970.834696162178,-525.6925460009361,-112.10589236692022,-588.0784452508809,153.20370307980534,-327.2107378197269,-390.20903332782655
0.0,512.8601325029483,-320.39447307452656,864.7869414725153,189.1549117458801,505.86811986642374,-407.82487728507147,920.3530477624461
0.0,361.584182272064,-815.9749004805781,-286.5708101650191,-5.939254130825134,604.0154082664676,371.9379157925098,66.37955402934836
0.0,-835.2775642464364,-70.23024017443902,844.4491510199432,652.3843583715977,162.18681523021655,-609.9504960908487,221.5186491163197
0.0,-517.1093345274826,871.8654135134884,351.26728327731485,-109.62646358191353,-821.5028873177204,723.2232214923322,420.61350719450024
0.0,-256.05792785697236,-236.34803955406005,-933.3604647547737,-900.9034992235808,402.949230758107,-495.97489864821176,-733.0182501433717
0.0,-648.8686723455723,-996.752297586633,654.9956841547839,-989.0701586632682,403.44527649940665,-936.6408639531371,-736.9556023286505
0.0,-590.2548915110006,54.668705670269446,461.92110064051553,982.2271277217792,-303.4230995305927,136.20101362689024,-540.227410396569
0.0,-595.5078211057496,-444.5009576852275,-974.0625814768553,444.89521018882397,839.492219366186,-942.2361270620479,-239.63377304568326
0.0,-727.0205497266611,581.174412080946,537.3000456052287,434.4635394867819,18.025987625936978,791.8615028791717,815.8219676130188
0.0,-188.42685576225858,-532.1936579533988,-753.9383560965948,-252.1610716901464,165.086290205164,-366.3148538821313,-12.075605916530094
0.0,562.7721749493894,-18.96828619627547,768.8670289187171,-370.36076771530315,19.37677809556226,432.8148547630917,983.8718290791751
0.0,-909.0562254640671,-700.5861530981745,624.6842572631156,98.09376154011443,-227.14386295064196,89.50636529634198,101.3623270669325
0.0,796.2857532291439,29.579236348992026,404.157525098057,953.4364040315238,742.7437485740431,-673.6956608187386,746.6052597872517
0.0,643.1232430157197,109.99544366928103,150.44314960269094,-606.8961045849235,120.43287317461863,-545.1565491884329,694.7785835750644
0.0,999.3981208540515,-806.4210415945113,874.9488154851483,-941.5028514756882,344.74370603264424,848.2991857399295,105.87070235214924
0.0,373.6260194540871,-415.33152559322866,628.349307064135,544.5708811469235,-652.7686325730315,893.7383422641037,-563.7934379555802
0.0,-360.4562082169076,-146.48809924632621,97.80610756898363,-449.7401630504945,167.56396496521074,728.8946448792019,-204.60549670785008
0.0,-435.6966252827841,-774.383201810773,513.7101114050786,-844.5961864123543,484.84801055386583,377.23292646375216,789.467667913508
0.0,-925.0117170621885,617.6818859496475,-14.979178442070747,-233.5317476456613,192.1459339778446,-256.703700125523,442.8426010838923
0.0,-570.9230899871689,590.3184261361653,976.2898163131708,438.51755314295065,-307.1990078071043,-27.941468775159592,944.4358202193507
0.0,-335.441029052177,542.4977457909185,450.6063332791582,-843.5844325864546,-262.8731620106404,-234.9239603304942,-496.9631798377769
0.0,320.8449462729502,-310.856405369861,493.85198840175053,-719.937468438389,-609.6245584011397,-667.0303837737133,-757.8627916816909
0.0,495.52626987678786,433.89803159921166,872.4037985304838,-571.7238959510476,245.39784623887476,-799.1935629109972,-349.2274276046778
0.0,-871.6979564504679,357.4435544957587,-106.00179915167325,-80.94969668732847,923.453269795571,685.1812286279026,-968.2030944273013
0.0,596.171798416952,-194.8506897632234,-661.3604543641201,221.22336791938892,684.1126291800069,105.69341301442819,-783.2585182764702
0.0,-216.26494825824352,-924.151122526196,878.7006645382046,871.8420987068184,504.3163155174025,-507.9217774981304,-593.6307685432971
0.0,451.31436099805796,-15.027424735849536,-874.804297678316,116.02906283632228,-246.1495492547798,122.00614977150167,657.9306727502299
0.0,129.25294814413905,914.9513344570173,-238.99425537464674,-381.0004504290696,-698.4542812786478,78.0742147151393,-507.1454137949918
0.0,-435.6118391160908,399.9055777254641,792.7461621293485,792.3937948208797,310.85138730845915,285.2784699024853,-730.3254128951595
0.0,443.1037621428013,-413.16684832030944,609.8661498585755,688.619823738574,-451.20656787978385,267.08287205982197,-580.4212997422642
0.0,76.44669061954232,470.3107161420487,-796.1871280474937,45.41870495157923,-849.0102883472579,172.58404938402737,50.72790260315787
0.0,71.8668406985471,213.68993373273338,765.0261984077431,393.02698341276414,-729.8969080922366,261.03458779899097,224.3241751679609
0.0,382.78554787142093,171.65631859366704,-586.0157302703745,-889.0337636317955,225.9620337827239,-756.9571745509096,310.78684004796264
0.0,-288.76658679442005,607.723982358865,-97.76741834476502,843.3358120422254,-387.34765742126615,678.7924457429458,866.9387345408361
0.0,-480.4413891299289,576.3616083732024,750.6976508306127,-915.0136011992356,-882.9496804780359,691.2759845972071,313.69370747226344
0.0,-196.30649372023208,-66.93742243452004,198.9173162706884,717.5043175749022,833.8163402874004,546.8564111264873,817.0356913390458
0.0,908.6516631987502,-488.10953874479003,803.50755457021,663.7844132763612,926.1175424656615,-223.42680253016226,-852.0205438228207
0.0,-422.2332830576472,763.2611363884328,-307.0509814702449,674.3659998377555,-916.7626586718968,-776.5287402095249,-384.1664702757954
0.0,232.1523491927112,660.3939294930103,53.2994133753632,653.7473236103635,736.6980145392215,-198.2472841062155,529.6064283292176
0.0,-336.7069402335243,201.7801759348131,207.99491521188702,897.5536693354895,-558.4183709031876,-573.4805412189769,495.7542696942171
0.0,-442.6284875391966,72.58224218648706,5.801747112661474,338.7568107147438,549.4463054464229,344.80690786569585,-557.824795523225
0.0,-344.3335030674026,908.079957939977,-146.45452380146764,141.5877034434725,-25.752841146443643,672.5307113900901,319.57174616783254
0.0,683.3626650496542,834.8013854872934,-798.836995083085,-387.2379709133322,-379.23752777105915,-423.1067639003277,897.2315154954156
0.0,261.79168433295627,-206.88487975303588,546.1938907727069,-438.0522555785267,106.68346119375065,-983.4084934809122,-641.5063316196581
0.0,-973.807102953834,-855.9827379263223,-2.395231350156564,473.9941240606556,-448.5818118440019,-316.4640242990231,365.59759614715153
0.0,216.29376528742068,-757.9400327599,440.0478390792034,-740.4985738317364,-704.1597055628861,235.48736550726903,-419.5282420991058
0.0,-415.3190037257981,-796.6612124696708,203.70235412598936,-458.91061758189494,67.48048130558823,-285.710406254246,551.2266186887493
0.0,971.255526228613,389.2577634995382,978.246502614063,-178.94681327645662,888.5471564131301,-378.87310470514944,668.9645460452491
0.0,340.76215545262016,722.6236061889747,4.254162996998275,652.8697526097526,17.778780274891687,632.048775043278,794.5668135172098
0.0,-16.09651528644872,-172.16875390304142,-842.7197418221552,724.7910291722162,-8.710020571978134,-538.3894740055357,-920.1171133014441
0.0,-9.996070204123725,821.3469359704493,-706.3256163033884,989.1572657247098,-472.25503542222475,-138.80293198988,691.3670034875647
0.0,-64.39845225469367,519.0212032930576,-5.109850356280958,34.72626399365549,-127.58391053843889,-469.2171009281401,-564.398801072695
0.0,362.40038827512467,-777.3532420741456,879.2636601484244,715.1099534688371,727.9050286076586,-878.4501598618247,392.1946139296099
0.0,-181.52791705700076,41.38035645033597,-73.40222883775266,-330.79011259972367,983.2464342503004,-661.7207065284074,301.51759157067227
0.0,976.6103569406357,137.75267514773145,-441.25366101305735,498.4507138986712,-988.408797586666,-951.9230622226746,-662.8683790477738
0.0,-209.54178516981426,646.8477775623228,-769.8132326033626,363.3516920729455,417.80949156312477,-98.62210003925463,413.72096626021175
0.0,-836.3533347975999,-342.66890438309235,443.00721648900344,122.6295132604539,215.6439188385898,-53.875668979689976,886.0537889609859
0.0,-630.029619910036,684.8329540722159,904.4036551821973,71.10047333772104,604.8988241250081,391.3888023953118,649.21420515972
0.0,619.7773418921054,480.42801978978105,933.6864278054838,-478.31717188826576,-692.8706856012707,922.35907358544,-454.1785158348317
0.0,793.3591053622163,218.27541056673954,-469.91394757066666,-165.89520375341942,-352.6834894242086,-477.06379233774123,-346.07377772692666
0.0,561.2930015304621,541.0687643101596,-875.3909041001871,-382.27590840348796,-217.5577970932701,915.2345832250119,877.6426695299201
0.0,-398.5501503124815,350.7726162707222,544.8831557717322,-894.7836959908593,194.37741451480997,691.7556689192024,-770.6616785812786
0.0,36.05979389031927,993.1640830871436,-766.6224021740582,-522.4653598938655,348.98209974233214,-822.7078539104342,42.19866900931902
0.0,-111.18531124030096,655.4774630048535,-643.8289951219318,-720.2022767648391,210.02480989703554,-335.0064510927608,786.0452822485408
0.0,-595.0849843507535,-740.2323153185544,-906.6560058718429,-934.5720741287031,877.6414113354338,401.93244480013686,-932.5977526871052
0.0,-267.13486915147166,208.6407646646137,786.0443634050889,-813.1485183183491,-475.7384478462794,-854.2089127526002,-71.95804293118772
0.0,284.55817633213246,-742.3553801437928,861.4532599538961,-180.84663227009764,234.61202530775017,-87.15613494528179,942.2513127092147
0.0,292.8297437009519,304.95676071406933,272.6887821675314,200.10972558974936,445.6880303517653,375.1218826391362,-375.81877210923096
0.0,-72.17432814490405,-243.93971477126672,-163.50084683137322,-291.89001484567405,-333.2972392333868,386.77235234839986,-385.22235301753403
0.0,240.84958832564212,984.3079192611365,182.69649055732089,-575.592123962653,43.941910238555465,232.87536747994795,-247.73843764225842
0.0,-822.8244026845117,-603.9247545083103,904.350842367495,-799.9592958153412,-861.2830033095343,-352.86192413503124,-128.78367091613006
0.0,107.24554980236621,-183.3691663713139,107.50444620432609,823.6745891162082,-214.77644935145702,-886.0370559836094,-498.9723916413549
0.0,-322.65468749396507,-357.203158293766,-333.54322406480867,692.2951389583964,789.235582884244,-492.3436708974704,-537.7604676420165
0.0,157.10998464956924,70.72451713927194,682.110431325382,-39.40412221146164,605.8659063707898,692.936652418713,-540.2660087388498
0.0,-438.46965122033123,-522.3268777238708,845.2768509630148,-960.3111476480994,649.6882140211842,128.69464545028472,109.52238168106032
0.0,-924.6749501903395,710.1298400999724,-288.1514851810439,405.3925650395447,950.4040585789671,45.72736546666988,657.4129268437221
0.0,-715.3660173140684,715.4618294525217,-37.57430053697726,-686.3377919976842,147.04729370190785,403.18121250073887,195.8197769190865
0.0,-724.4650466156606,662.4858476248478,-575.811783438047,316.8516261772402,-462.6822367740966,-476.31377854921436,-498.8961552164366
0.0,309.1174171572395,299.53401891176713,-383.68289809481973,-363.8810176099822,-373.34381852799356,-11.33783834845974,-913.3784988002069
0.0,-771.4376525816726,-38.671566183933464,-630.6873265808706,-46.356374282507886,-460.3422948017504,84.36504508824805,-474.22705923489536
0.0,-902.5772230825426,913.5390410177702,-293.189333054273,538.9740927711721,-956.487244143551,-1.6965125153436702,-47.83817909307845
0.0,410.1452205124658,-218.68201777944955,-237.63817205629584,976.8936094780779,-76.74309853856971,-322.76539317814115,873.5693485834315
0.0,-210.90053472578904,554.5326899692745,105.77013463173239,-981.8794680444423,721.1789376945383,-933.5787266569506,-638.8920408494132
0.0,280.8504457055228,526.1316946531585,266.59735482692463,-756.4972380685053,-174.1923317667688,275.9085622622249,-571.4810227405031
0.0,-528.454438039576,-208.30611118669458,751.7687786970357,499.3216863338828,520.2695816096666,-526.6371043113911,-805.4420870862364
0.0,-984.4878145609044,721.4188251742326,689.3385334775285,624.9415048121975,796.4003511769151,-934.8106068748973,-148.72848215041404
0.0,-655.4891874886504,-430.1735766121682,958.5038689401108,-456.1067384420214,385.26508920818037,194.34730832678292,-82.68035955584139
0.0,461.54767356681896,104.30694539640331,226.49602868548277,-794.9321195232959,-847.0799080990535,-826.6376733894512,299.18336426764654
0.0,-908.6846596216469,-379.5385324013056,-632.9695895947474,591.7516844328738,-644.8164532029019,-65.17327278250923,491.88978992755165
0.0,323.9953459942142,-836.4939208083741,-70.38080745424577,863.0710613926494,-918.0162996327523,303.08459649845554,-829.1413055540098
0.0,836.5424034646119,509.31915346955566,416.7656082443232,-562.7366725274838,410.6442749893188,-602.7725040951319,-407.360840578032
0.0,781.1588851539566,766.1562684859239,-134.19222868235465,-251.23866066545133,545.039181622923,854.1461133408595,653.1443488402426
0.0,-89.46956984351596,969.8323795039034,-908.5148116767499,-969.406846643309,600.4663988649118,-378.18672394863586,245.302937106105
0.0,-358.0531731057781,-901.2354553247861,256.4755325537119,642.7763648632242,958.7457488000916,297.6398771383065,-58.243471567911
0.0,17.598029202955786,-348.90681350332727,-411.1847086553455,824.2277542424849,-634.8988366299025,873.9224668666113,-284.7966943373492
0.0,-281.53451068974914,93.13124023285786,-181.61243368253372,-560.2630413916443,678.2195989705428,-155.5019208499591,361.86201039829984
0.0,978.167918414214,-927.2646920583807,-758.6320957225728,-283.27586190194575,320.63245729630785,133.80155668236807,-660.9699365748563
0.0,982.9832937358251,-867.2026295069272,511.26220289886805,864.2426601217107,-528.6032348996858,-375.11213144699275,194.50833219275205
0.0,-221.23279752483631,576.5117111263089,-745.9427975325855,537.1602996290567,-751.7290594260667,65.51299588470192,-988.3105202477241
0.0,857.5272651459686,75.84150339034727,-249.45545729367734,909.1710978179078,612.2946268492672,-539.8599521138685,-376.6733889477773
0.0,737.7642809164026,-706.288272839354,-716.2444710237526,-913.1266284266479,-576.5772170063719,-18.574268097746767,-789.5576728289013
0.0,959.8924443481026,431.98543502303846,-653.2867998158147,925.5292210721236,869.952776218855,578.2497718524774,-437.407163465513
0.0,-120.14262090040927,-70.54347225294873,780.5570287614544,-522.9580471058864,967.2372625537412,767.1836066433525,647.6263899805767
0.0,-986.7334575150184,-611.7863025925992,-31.463403202671543,-679.1558893665068,-13.788511318931114,463.78766121845524,-673.7337482016754
0.0,280.8835082691817,443.3575564887624,605.0540808281471,-274.9915806717671,-257.6694538380773,501.8164119299586,-462.35026393498526
0.0,790.1876091409986,-632.8560325370876,556.5309595810334,263.1871389501616,-975.7576773585843,-925.9073344533513,-983.4964183483108
0.0,962.8937529379077,706.6038703355784,-34.580436028863346,580.048672224005,-851.4261173508446,558.2911142076509,239.86669554440323
0.0,678.030551734025,-817.6119676564911,-97.29773967372273,-347.2251300391988,-773.0130244930328,954.8318967397806,-964.3212666503946
0.0,-780.6840402510413,-439.781843734242,-575.5464718634123,-322.74231500091184,-129.99627218142757,-503.60083629504703,651.8533881810604
0.0,946.6397460971216,263.6604088446795,-958.423169789163,508.1422444356997,866.836671247383,-532.9490209290053,677.2527069407874
0.0,174.71242226294157,926.9145316052081,577.6130264758476,-122.67771924485999,-68.84989150697061,-685.6047879114859,-864.9514575812418
0.0,-392.0664520802037,-386.1207027168225,949.6148985171233,267.8074454184525,105.54381238360133,-235.5961690184232,-536.1697734850006
0.0,-633.6745381536992,993.1200894078852,862.3222965251816,-24.32954870534138,-821.4566992117896,-599.2242088723425,-455.1299755340599
0.0,-327.1935766268506,799.8810820322265,965.8198929358491,-850.6834576501847,-105.13575233826259,587.3609603102536,367.6016627920899
0.0,92.78868585953364,86.62130989098364,-930.5301901062248,-190.73217689891783,995.4125887546368,164.2652653887062,-585.8794705965324
0.0,658.527406364173,-626.9958341014315,-402.8082630074048,-732.4444664572127,-923.029183166691,942.5873886749271,-162.88426802102424
0.0,733.2680451362169,-573.7514971207247,-795.3023009041211,808.6286394807287,-632.1429350821113,459.2116299152651,547.8810516331203
0.0,-100.06089835160981,622.4543886159572,-228.06623226958277,178.748167990218,292.5596307523633,458.48496404237744,112.37147726717421
0.0,164.32227904022625,-507.9209155143116,-11.163926604711833,182.96470291430614,506.02963928872737,922.7944223728393,-882.860812717803
0.0,-705.2110021987936,262.9341860725167,179.1447747907098,-69.95062272762004,195.1157478359503,252.96275490585094,-182.7110228353315
0.0,-610.6780408911081,469.96682618888303,342.04629331021056,-519.0574985130552,-511.9409832915984,-95.05076235230251,-523.5723594844579
0.0,-696.3908542337356,-363.0197818251754,710.446520988492,-637.8764327726551,320.9146202636314,-475.68323091514037,213.37865567135577
0.0,-256.9014917616814,348.6125396812158,-955.0576210268791,-505.6472228418198,697.5188058260017,679.3661617520204,372.88320474838247
0.0,-127.9867773724759,41.65532576586838,965.2358056257983,-550.7554896643354,60.28086378433136,676.7994680228205,851.7390733769555
0.0,54.49070891171027,91.9684936561539,867.6722353582295,-636.814117710975,-275.5938343456694,-888.8681028320808,493.3367606829745
0.0,618.5650045279122,454.6919412421546,802.9745640853262,-72.94054674217978,567.2670517963822,-107.34865067638009,900.4096577330488
0.0,-213.6439764815268,-522.5370190167107,333.0962282700459,-913.5145525954014,402.9562367901226,-427.1022424180479,934.3851657377293
0.0,256.2577305288048,-185.5503718925744,867.4090075416927,719.3052288201441,-12.23709051812466,781.3389527274246,664.6242522080004
0.0,-378.1377358857512,-604.3421699038524,-999.9631826168129,142.54797095031313,-569.1909524062439,138.05496718964787,431.19227727728594
0.0,-339.25036745542127,484.151856720526,864.3310788372535,362.6762558339044,-381.399766901612,-898.5044204366985,647.0337901502073
0.0,-442.29608015006795,719.0739641419657,-669.0537999107537,-237.9275057856513,-404.34109202899674,-60.90622279836725,227.71739046211133
0.0,245.42787548909268,-345.54333979416515,-279.96323660143264,742.243855583841,-232.0309125404956,937.3485092948026,627.0211127659138
0.0,-84.4697660586786,-861.9940613747436,-273.1466925753539,-383.458523007371,-134.51553477966627,770.0961424663765,737.3140876127804
0.0,-314.4624111551582,-473.5322751841329,-159.18284449281202,-344.7770093255982,-674.1988071162932,-246.39524964956422,-747.5671729169892
0.0,57.883604880195435,705.3142795121375,-995.7250867422587,450.17543853326856,918.3143383905297,-572.8912430474602,756.4289478752003
0.0,-567.6520598134127,-521.3625002606512,13.911608311315717,-708.354572525694,-813.9589665332729,64.40154686899268,784.2000263470384
0.0,-193.53838011503922,485.37226966761546,-742.96469161544,-139.8436871598634,532.1902710839202,-396.6819889244189,645.312594334652
0.0,116.08277232230262,482.5493212971094,-479.73815718137166,-887.7262809384596,-383.2093553882836,-137.3611542304311,805.0792343088108
0.0,-390.10895016324287,-390.6229249021742,-722.7046158656842,-676.4826349922525,459.4214697845539,729.7710636029758,-423.92710578745834
0.0,78.56037746112656,-765.7827076429516,490.66754231579057,251.51112684080226,531.0599564976876,882.5598703246603,816.0438809240463
0.0,-472.5488346810615,-218.55601681092242,-849.1845762801597,979.1732255081679,-518.56364030551,196.75149898498398,-323.76748740628125
0.0,-560.1693734153641,151.13881220641974,663.7376059515977,-145.32684911269826,120.17012477360095,308.37115618549547,-338.12168803887687
0.0,-575.4994563352511,882.5075205365347,-535.1802501610418,273.2653122521672,407.99549473771344,-682.6817758004191,713.2016492001751
0.0,-21.03351381253856,780.5126932504311,892.8057326128103,-988.4684501918044,-878.1829218957189,321.77497286050516,619.3472544193428
0.0,579.6587003641578,-162.94810840104822,-288.14752917923147,-781.4862754240748,-445.34141446330875,591.6386111189358,467.3325504906254
0.0,282.16948562981725,533.4292556167854,-760.1056824764053,-571.3268309555328,791.1549760999635,69.6733192905615,490.81397562914503
0.0,161.645973101452,-824.4437065794136,545.3898889236752,306.25260546754566,880.9955295770994,467.3499981743414,906.1792862150442
0.0,-494.5928756417661,616.6389265080122,-862.3923076997672,69.01676785448149,-716.0186651868241,-375.63568075754074,526.3582113657171
0.0,566.4485188817184,-963.042379719679,49.5106490929918,-774.0708678572737,873.0129499733948,192.87450352638575,363.183369329844
0.0,336.50470911374737,34.760674173902316,-613.2028032679757,-497.106985219514,375.03109142029075,-368.5398570657321,384.75364461358004
0.0,350.88606543445667,-205.06753752685313,-27.871409401734695,983.3283755033804,779.5349191212013,175.98068621482707,-911.5634831895989
0.0,301.0064949745911,917.1884707386703,-932.0095984056029,489.1046675953605,-334.0618562548492,393.8160229059654,-44.3429572117941
0.0,-422.41493262193796,210.7287953253474,104.67038333430264,957.8367362262329,398.17246326521786,978.7758490752681,541.1044706050488
0.0,-586.2304918218451,279.38222253895424,-55.162275238006714,658.9430631861351,-588.884843496682,224.54194520829333,55.79724371057
0.0,-223.18365232800045,-599.6725636262927,-953.6798487997145,-816.2692282898279,739.0391423193773,520.6460368493144,477.0667758710142
0.0,-486.2245400456309,-445.06651684998167,723.6621946689936,-135.3410674457425,882.5414191828436,-689.2810648853476,349.29719025893905
0.0,-177.02029496857972,8.548992907058391,532.6718851138835,66.41461503765186,532.7089477986879,-391.6946784882149,262.89964249012496
0.0,325.2652850568609,-660.9733184747013,-513.815249096677,666.9835018087203,-459.9425667435697,179.39683473121863,800.9571710630642
0.0,12.794219678981221,971.1131091110999,980.3692894880785,-459.96366274691366,-10.76881316149047,887.2781269330399,-875.5430733143199
0.0,-978.6279345483445,77.5506459056121,-701.7746816044494,-371.6484139687328,559.0696725429627,668.4888063789406,-882.7052482473497
0.0,346.1454081336783,818.5031146183719,-307.3994733376069,343.92650342981506,220.16500180622666,-850.2834069151921,924.3990419855033
0.0,-678.8385006957908,819.1027477038288,313.54866417200765,-57.612549624673534,281.1847611254427,-428.4305516278904,-973.5877636710591
0.0,-299.3365101358929,236.90837939464768,556.3680642631232,514.1933327935878,826.3561401470572,-898.5004319608267,-904.0393432481997
0.0,45.401263539480624,-410.88218468091543,881.2257404089542,280.03974180162254,-271.8934448030319,-784.8064953806022,368.39081973354473
0.0,-592.2991465825054,928.6699879873304,556.1404162526098,-851.4282551333812,-782.0943207914332,488.7142148727878,-790.6320417518466
0.0,-304.90673543583614,-778.283506019074,-476.12405923285394,573.0079752815273,-589.6757834289436,-395.17267262650785,-146.17281327101068
0.0,-525.2102232221587,-771.0265328928294,490.46248643252306,73.60220346455299,-98.12164416047597,775.8397672670828,368.06090089431177
0.0,-713.3118682241552,269.32040523448745,290.76273363375617,724.015480403712,7.486603140514035,807.3883510091787,-887.6452080101358
0.0,956.4665860978439,543.6246638757752,-984.5976236957015,-360.9511443141922,-209.45748970032434,-310.70461710873735,-11.780398224763758
0.0,-345.01150697035473,204.22728723853834,580.4883827055883,-839.3712893994336,238.34435568969138,-630.1457414333804,151.90395006705126
0.0,-946.4615430596031,-549.2664882189475,-34.854073010357524,-898.3762630259317,-137.18141446097093,357.6856669915617,267.95896758780805
0.0,-431.7652685854745,342.1721174815791,454.9357002683123,449.58910133526706,-899.8664457199277,-897.4378719815663,-363.95150231548575
0.0,-67.32686154799467,-625.8141947687961,-848.7509505026716,-109.05416365344524,468.0778023617074,-14.212307707216723,-244.42949936769014
0.0,-139.2810369027968,-560.5980109210132,-247.30030396814936,453.6218289306728,-498.07233826013885,-0.1928654549408293,350.07487211899274
0.0,65.47314732560517,405.0488108187951,177.44579955989752,150.21244165149187,-476.3136660447565,-891.0323485665047,189.12514107936704
0.0,530.3452598178421,-751.2931453525405,-117.865134516902,495.5485016369987,-437.87575430826166,559.8498470378968,475.4059545947655
0.0,64.85484357433302,32.846939809770674,323.7142473591248,653.7541255660724,62.59994345112091,-556.0812919548621,862.343763698367
0.0,327.4906305447216,568.9352317059816,-475.615760516608,-328.2104888219766,-798.371602959609,-297.41655827879913,-922.9014195550455
0.0,-314.84878422528607,-587.2093047279678,-797.4890419543988,-110.97802545488537,941.7595760000283,-79.14939496941622,413.7383786378025
0.0,581.2786721974369,-495.99058981199516,31.296310165356545,-228.20466209295716,839.7286249423553,-675.7976744752525,462.6525544452213
0.0,607.0979731440666,-408.3802628919815,607.3481942997553,354.78183330381125,-931.20601854869,-203.85501663786295,86.2506847212419
0.0,-284.7058393212809,-622.2472394132226,142.8592259601869,974.3521385000649,69.55265192157299,252.00157328491036,674.5681050003539
0.0,353.3956418984851,58.343873614510585,617.7217967085708,-87.19897921252493,-987.430919817859,-913.1318624201232,858.494372934497
0.0,207.5939398440853,-189.318707005379,-171.94725436344345,-872.4878345939388,321.67926225175825,-893.179620844327,-713.8001091685651
0.0,-919.8987933070879,-246.937426810621,-673.3460701124674,729.0552204649382,748.0416550150253,710.5465358185736,884.3611388080194
0.0,760.8480584828078,-584.1330186364523,381.1475373180267,134.65004794385368,-667.7185983296581,627.1000647686881,794.2717369755537
0.0,519.7161955025415,969.4564740660501,-446.99995437837754,620.4119832667609,-265.11815005065785,14.998728148066562,-444.9810693188092
0.0,689.7037873744571,714.8230673390508,129.62831833945415,947.8587220611873,266.6757850021438,-117.25817183905747,740.5889077939698
0.0,-952.7755440619878,788.1431203718714,704.4652080963297,-28.883398157044212,898.0117536296361,833.0660055450219,823.2961084921083
0.0,-319.2524271184765,384.74547904602287,-612.4766198529945,-30.125650910235663,372.92864003700424,484.58570957190136,-904.2541949297964
0.0,904.8648112588185,623.6552358662304,-6.70765144003235,190.80620583365976,-109.28584767904943,-840.3823746019832,985.8021570900712
0.0,523.3173016175817,-615.1677459224502,-886.9349253892702,-137.81890473015721,202.0083175539994,472.070178690675,-572.8282029302196
0.0,771.9548478549964,328.1247396926924,-792.983751340804,340.51333303004594,126.32712240883757,-555.8421819815982,-983.0889302676756
0.0,361.85897282759606,-930.524841081686,57.54087906236282,688.4299296671929,-618.0098710231932,546.4322222684013,-707.1814081305388
0.0,-288.0983051916297,769.8346612370785,-854.2510963866872,-241.14209517942368,-960.7724593802216,289.67789500532035,963.964883125969
0.0,-905.7331451486504,-964.5002953435542,-770.9466512942336,-581.6556158734188,-939.8734032830235,-722.3971327100061,-276.09040936614963
0.0,-388.1252350547833,-834.3825877498327,-578.7451507598058,-692.2819682244367,-218.78108326960933,-275.18852346147503,-301.21787672806136
0.0,191.63074157581764,-145.1394566868123,-790.3361608013431,820.2952689392325,93.3847730038267,-195.69356500604408,251.31947326978138
0.0,73.25556593050396,-458.8774603017831,920.8102563595703,720.0229282056141,750.0850772321162,-976.3002451854421,526.1417711149679
0.0,-376.58484797777953,-454.22095328729984,129.25069615919892,20.80711087660768,690.4032952388002,563.1926168146013,539.5897421780203
0.0,-566.890790984751,-802.419238990306,249.6230837919636,-968.7377682577492,-466.04068818449116,393.5664501117644,-377.7244720881754
0.0,905.5084663072607,-520.366605369715,267.4542156511393,-300.18997440227804,-868.3281871887734,-767.0764959834064,358.262984260851
0.0,-338.13129480120006,213.36316378033098,29.616809100203,511.61487402934404,-691.7786517411087,797.5142475331709,-622.5674368749201
0.0,208.89768982804253,-713.9407174974976,-72.87271240991731,142.42901044031373,364.2573041298358,849.1647444661032,-480.37114352772176
0.0,874.7449849092693,-493.95864977886686,-807.0087609223771,630.4690552086483,70.79768020268875,599.1810165816435,-649.9732160738581
0.0,-178.3637649454937,556.7222332213237,83.26304618636959,-845.6018012159217,885.4684196929281,-997.6905728793031,-74.03480768536565
0.0,-73.77076739190898,-606.1218594973019,-75.90361112850894,141.3948550989944,-584.7800478900773,-228.39809464644895,786.9998860007906
0.0,-422.3095204373906,175.48501757292502,-816.8875696782003,-561.6186283072719,276.6035344730235,-735.5864109881268,151.09750572271537
0.0,426.0317231991246,894.104198704481,678.7361228104692,501.0463379666962,-914.6096822126016,805.915769585316,200.55646902955846
0.0,-667.1859729404963,-220.832966568365,-670.2046514268052,568.1611531706167,-528.1497993640622,140.639519705775,-404.364268390951
0.0,808.9716393914953,-695.7271330116093,373.6986229659599,193.10586618035654,-487.9091013582906,-164.67083804856793,-762.700094226585
0.0,-793.5381236206782,-457.0007995020886,416.92482730345887,777.6391593688825,230.21294558261957,351.4951888046778,-547.4756747177354
0.0,830.1989673406599,-725.2089319827048,253.72593556601169,-529.2668000641752,648.4403650612078,-795.2215184346894,727.4336077792514
0.0,413.9699006462438,35.50964243409044,-550.9945122633997,-408.4880764510923,-158.15347568642358,474.3365557069674,428.3442162963745
0.0,103.89051970783794,748.3324542103201,-648.4472174308253,-569.3703085264401,160.03480438136626,-674.6777635335111,-792.3786618088234
0.0,-304.9591573732205,743.6116228159128,-391.9158417422724,-372.8348560402359,357.6540274251963,-353.18641547180914,-4.280146784300541
0.0,995.7838414104642,-74.13519761336067,779.0484482004813,-393.0781553165816,-392.37945650312827,919.9700069100174,2.2167967241210818
0.0,885.7459289621943,-513.5973763728525,-732.7794266905363,-263.9201750050697,670.3844398903225,-209.48834725808842,-332.8923058514008
0.0,466.0190013881247,988.4161583241867,-990.6298965015026,360.70299020757716,-718.5658608683865,-578.086707496269,-765.479223628887
0.0,-577.6534740334223,-834.5524377909854,683.2704412783696,-843.650872839333,-31.7270689673461,-580.068291709168,296.94715316146176
0.0,617.8020011770736,164.65848816722178,811.3501947362583,-829.8248730136208,626.7774975400998,-836.4917125856555,-707.3132530332247
0.0,-732.9798488301583,-197.56301817784868,580.548357736679,559.6464934751625,427.0102592691326,-375.1013870019025,-891.5529214412657
0.0,-954.8835240168621,760.633677913366,540.4101238361418,-30.244969163925703,-775.2082537983897,-455.80361642705,-155.47093380777335
0.0,996.6802286880459,-19.654463221837204,977.5783561392591,-412.2263410069112,-523.958330403469,324.4269381564293,242.2405896501043
0.0,-398.04530003406,542.1445089237516,-420.0313138025642,86.2673697724756,491.89543047979305,333.75331690990015,897.311656603431
0.0,-937.3394130433505,226.01114009221965,25.062560802557073,244.26365283688347,-517.2671458877005,-436.29015184981586,-940.330580085369
0.0,-430.6817414829378,-320.84654485212366,-357.60657160619553,-6.021789159709215,669.2823456518543,-801.6244645667463,-864.4059213060547
0.0,834.9114524868792,6.484027656044759,115.85924133377443,-408.06113897199464,-934.2334967521706,981.2752422183323,559.9149232728566
0.0,-925.7058334736803,-633.2308851803301,84.80463108589424,-664.0371788975734,716.190887723591,-838.2393152031898,-682.1861529464686
0.0,-137.68687957193924,965.4448452775639,195.0522525767235,151.85471593746638,-777.558027375313,-145.7331909927442,-121.06355600399718
0.0,46.4820741130884,584.0087869948693,-644.9192126360006,497.92527451338765,221.2986960241467,651.6400209148337,826.4064935043768
0.0,844.1168446095044,780.2111932297896,-484.19456302365256,-596.2717327762301,-209.95053975010603,473.05969179392764,793.2154603415675
0.0,588.1283022584742,-254.84521730700328,-680.9179790216114,385.49237499083847,-225.68626934261738,787.9041906172204,-522.8194973556094
0.0,-239.57728363584056,-626.6958785622751,653.1216908639076,288.2348286862805,-282.1430979304196,-534.6931904817927,-898.9752141355756
0.0,712.7522457179773,-549.966496238339,217.5363945963386,-488.22038226042275,527.5303549336681,-773.7106259363234,18.049310746933543
0.0,723.8787026431066,71.46476114653183,883.9346689385848,225.65978842704772,-538.5650546175389,683.4866381228167,-285.58772252479116
0.0,-925.2052498564125,-705.5735149384592,-549.2249891114711,-662.468089462679,221.77665249631946,848.3145668338143,-990.2821732075575
0.0,-799.6795984064182,521.5290763285086,623.1932332746967,667.6653132815602,-574.2445016891047,-327.38809361286485,-106.74569480112712
0.0,-509.02391875533317,-803.0179854090775,-493.2364597817274,702.6494667511924,599.9824453550821,887.7647393848965,-843.3620553279777
0.0,0.5629333064596267,462.8981235343174,115.92892224504226,-604.7617503104296,728.1097933083838,228.94251482112486,555.8443431550256
0.0,76.5125169794103,850.3403116542981,794.5254100553698,-65.82157500719086,874.4520319015492,-366.2240344507817,-436.2998050189841
0.0,187.20032655525188,279.47777551978857,-961.9748397159518,22.00342295530072,132.0302570281824,630.4380612647044,-246.76917762159326
0.0,-504.103145838821,311.2276002142496,-550.3589073448813,279.5148101302186,-130.9137977191615,-460.92748376526754,329.94707543234586
0.0,342.9553255271037,9.88120650947576,2.0926002315076175,-975.6375787514054,-583.984369458505,377.5526774211744,-841.0276152495646
0.0,-194.10970177118327,338.7680773530517,-43.657233746995985,-416.0837914914662,-217.01026854511224,604.3012626628897,-386.9527619825004
0.0,975.8867884307831,984.1714048705605,-167.16453076127675,-944.7324555570104,-700.1173916597013,798.9579678710634,731.8390736439871
0.0,23.874136942154678,-585.130879019998,674.0694962934172,17.369709556877865,-658.8737491394581,-595.6726413349036,911.5710710819935
0.0,22.958208049665473,286.55460939689124,182.46707466920793,-459.6351389467251,945.2097287623224,527.131460598119,820.1178134847426
0.0,-637.4220751167907,-337.63669716105653,-792.6499058279959,192.06987043455183,-512.7907461437597,25.376000196733457,-248.0473971129784
0.0,-255.2936582908893,209.40897458608106,803.0002648066177,854.7962868044767,-337.8927524509289,231.78225295073707,-159.84344621298635
0.0,581.4542553006434,201.50039530305048,345.98978330348814,307.94610289429875,-272.82757599387025,-345.21210160637315,-357.8143492048822
0.0,400.6775507397658,218.67792309073116,-893.5229520848429,697.2611884469068,-90.9736747599959,-663.6764949766916,-331.878718200574
0.0,-424.02245004195584,484.35089627025854,151.20284156110893,573.3075556504648,745.372860433996,462.30471695033566,-555.5387880003584
0.0,868.0988777829864,-287.83029346387343,237.72556977970657,-126.44489177527566,-11.341186719590269,-860.2258641597587,482.3614937866698
0.0,699.0777822383275,-446.0306906498537,422.64411407226044,186.71522434111262,-318.14847218476166,-164.35333373091134,-527.6142348118605
0.0,-460.5174949577022,398.76897753327125,508.39769453248664,-751.007838574232,631.5197566142649,-602.4830158676002,-299.39881779044583
0.0,-351.48964800767703,430.04919433475516,-527.3538063790264,-884.6697166049009,-987.2811997593029,-119.45119068778354,-893.4139322321448
0.0,-120.34334566336827,-771.9178826030025,232.47414845939147,-261.2827253282353,723.3630254742329,-632.4618168106173,369.8881180072883
0.0,-655.248155393165,132.3710248920952,500.25243307020423,695.1689459309221,-844.3278926150259,-162.53189089379669,2.2504220958454653
0.0,-811.7453981929599,529.3673921615284,-122.0381901692731,240.14125909626387,110.32206399625102,-336.3123821911986,668.1138840333313
0.0,-452.2579594468441,756.4283819340974,-891.3207167299888,-954.7437317032212,-317.93124867162123,28.629251828265296,388.5079461734488
0.0,-576.9667403800217,746.9853728121166,979.9792604934651,-486.0309389218884,252.49606712291597,183.4248993637898,252.52001037659807
0.0,-272.0724199744276,337.2478215929725,336.3822860408627,226.17638554281075,-972.7965196709512,-515.4737956534652,-168.72777629014354
0.0,-542.3842754963114,963.1602748477592,-804.5072494967036,-642.3347177361609,-368.3821793217062,563.4064925574805,511.02346318896593
0.0,8.200372738970373,67.4399981135839,394.50488246650457,-879.1908197863326,509.56538680990184,719.2551482691085,866.8220590638912
0.0,418.56386716746556,-683.1843019654477,772.1371179393711,-725.6072648444956,652.9548715384467,450.04229160518184,925.4742384728056
0.0,957.6755701179748,-907.1470048951173,330.31707442447737,-932.0122041440857,-868.0100904324006,460.5533706314252,509.8505533166558
0.0,909.5792541948458,-627.4549580844066,-523.5929693712203,410.5401407574964,420.1031730625648,163.69887895291117,414.4132657828536
0.0,783.4769374137277,-440.8717084254474,-535.3489085608101,-897.2295531292738,-52.473716029993284,-226.670191391382,944.8198615807103
0.0,15.316796886681004,461.4715842366684,308.4022121375972,-347.3858248064066,-955.9379569555266,-990.8917122371392,630.7020340843053
0.0,-675.4656952113571,-77.02755793266272,-321.5794096294817,-675.7146355346392,-261.8884831600441,-839.5991377521603,113.91132818292226
0.0,-178.19135019105966,-90.74198924302368,-922.8862018894716,747.9259892668847,357.744799759377,-418.2675421954374,-654.6123207917313
0.0,-963.4156732599117,-691.9980827011404,584.3132610955704,291.71696688610996,946.5133530509947,-560.2822741999247,649.8820241812532
0.0,791.9455864754646,851.5461906221117,893.7402734014831,78.31093726757399,-887.9957207469604,-743.6128117359606,737.9294814193677
0.0,-6.348213212893825,465.7554894193988,-753.6771389253713,-309.9276042139983,909.4646645771757,802.6227562366846,592.2506826004458
0.0,150.80635159872236,352.7893682334709,305.9882570672198,-377.46461888428473,790.082144706395,948.2146251529355,14.269180413739377
0.0,-270.78837873222403,-356.81816270068475,48.521399375084684,-525.2411593541174,-730.723196447689,697.9511584648521,640.7506601674474
0.0,-651.2121539051294,593.0186408135733,-958.604566587711,-127.25501740620791,-495.60163774419254,728.836197383122,783.2752877504013
0.0,567.2314456121958,270.3814073482247,216.56451268741876,-466.29176545487996,593.2803946136623,-654.0327808279984,700.329439570668
0.0,-90.69413021950697,-807.7975229970803,608.8738886135991,-826.2816376144766,-311.4154968060425,-685.0671419877488,-88.13334023115033
0.0,59.79001064838076,92.60671204554274,-782.5530716422893,949.8271542954883,737.2501356598634,-703.739462990554,-716.8592770750092
0.0,705.2826654580128,31.277564944904043,130.82114377816833,-427.682879535487,-151.96038327308736,-622.2115264066049,790.8474101144463
0.0,274.66748281140576,-661.8465989849681,-289.79665407872824,933.5032961195689,229.09096105456433,-380.83464632742675,659.8239693106295
0.0,408.53873072888155,-924.9191930316767,537.8478878876019,-242.27676656054769,-664.3346208323949,603.430305048222,990.373093268628
0.0,395.1688114373276,532.0541320755058,-361.1570892234988,109.4920402387263,-925.0001098336311,763.0635711835537,310.3634679708646
0.0,-434.54081147936495,455.4592724357458,123.85018105747281,-910.7372612975173,-137.91331172780906,741.6446387837204,-932.8535600080002
0.0,58.331659987110015,125.73052169934726,-134.987879968784,186.2090763134147,-428.7442860921882,567.2694369678268,-895.327576012626
0.0,20.84427841748402,-540.3189703426374,132.5396053758932,-904.7473854248611,-221.08199921613812,-492.571440359417,824.0107691949502
0.0,173.79577886342463,-176.170332057074,-980.8636055638482,-903.7980944231961,443.08609218667584,265.8884221325709,258.4251965314172
0.0,111.72432119433483,-478.72698390757137,550.7206601785549,598.9649319590212,814.0668581995326,769.7731922332887,-239.55665008767664
0.0,-447.31225991567953,960.4785787648261,-840.2588844056629,412.00167351406026,162.90699289133136,-131.98163684996484,668.8604877544203
0.0,889.9670994664571,-582.008527096028,-345.6256928658661,258.8178898090398,397.017476285426,944.818759836031,604.6713716829884
0.0,-750.1921043923007,751.0579248946433,887.4763455501507,522.0129835988819,-925.2192407642725,610.1154192953611,-283.4503011518708
0.0,-344.9408625930672,-675.8392019427758,-571.7261867022125,-73.84668584428812,658.66939660497,840.0447875139414,-191.59624208233004
0.0,31.313019964717796,-83.4885710878417,-89.11348471331905,90.96793148512529,-904.6541668525763,-250.5412074582847,687.5472674528733
0.0,9.887289810419816,-143.79757938274747,-351.2389155484508,-90.73032345053059,804.1510024986885,-190.2137255591863,-832.8489506915535
0.0,748.1264965657178,-137.87016686145057,-347.58389525295684,67.74320855149608,971.2723698050274,530.2801844490793,884.9192610075343
0.0,380.07209597219,-965.1220575882868,289.0769701486922,-158.00043051998864,727.6874395269181,-145.65781216970254,440.52375429483845
0.0,325.7140239881212,769.4350444550439,258.9654437064264,37.33469671399962,325.8695267970809,42.880964014433175,-388.9042786218972
0.0,-29.92662673779398,-430.47048650009765,-811.0662991890244,-509.2289494271509,398.2128290835469,765.1706394413698,647.6648600310928
0.0,-328.7029073560524,-750.7627863986346,41.5837596611284,369.3801031299545,368.59258698532426,-755.6603868598959,-376.38719581516546
0.0,380.1122509244087,-375.0338222341254,-657.382670963736,51.12787608508188,-944.0540345772772,622.2888633018697,-185.02319770435122
0.0,719.0025537357976,-376.24020514247934,954.7887547295725,179.6217850070252,349.8754450776273,659.388824869963,865.8957083877224
0.0,173.23583032213355,258.2819225150804,236.33038143353338,646.4496803415702,497.8765093120646,998.1443524058436,-548.1137069813199
0.0,89.26532763376304,137.82474653253553,-558.9972862483489,-4.303502275941014,-2.4883739026059857,-279.19765642161497,-496.01127387496336
0.0,-264.8613609622265,-374.5390300592377,708.1442765314998,-185.35832745449477,90.52506410997626,-336.4255839486607,-140.25592858188406
0.0,80.22591966166556,66.1821550041991,664.0448102386924,-652.182426660366,719.2595053696527,405.72839662624597,-571.1621353553553
0.0,-954.1903112083634,817.1465591682038,-432.3808351070584,-345.0914839422421,-973.1721884618664,-22.080817539625855,356.4890963632149
0.0,-456.50899886305956,-204.7761496591079,986.7553796024608,630.2607908503719,709.6371177640865,721.2596191605267,-772.5085397675018
0.0,-562.2105460237399,-809.8025393461841,-747.1853192035594,206.54250749385074,-843.1807186867984,-585.5768736370437,398.3940567551367
0.0,-6.147417030669885,-507.27971960730514,3.106066466742618,752.1448648973535,-253.00144133056165,278.73534652514445,992.6105652639885
0.0,800.8296818637716,482.1555688390654,336.1636099320292,-278.118652460303,284.6461547570425,949.2960450182161,995.0554762228765
0.0,583.5792683854665,-25.579700129244202,-16.700688995710607,-179.037696118153,127.47084839231889,586.076205471325,55.84962974410928
0.0,-859.1088579124408,252.26868986442219,-234.82885398665076,622.4092913313561,621.5640216888232,442.92898160465575,-958.0039566013785
0.0,-741.3297162829675,-812.2738971365922,423.39096350942555,-136.72712367048302,963.5526885453539,921.7811793572807,-581.3911401716832
0.0,-350.19256358284906,-342.01426924768487,-906.1882038585991,-940.5465826831363,-144.7082509100684,692.7699460003719,857.8938881510251
0.0,869.4210824643376,120.08391776257099,-977.5475394722508,-389.16830728607033,-234.66531216820317,-946.4771643741385,257.3345718124051
0.0,-575.8720481050212,-182.51394513448088,377.74258383405777,32.29981937102093,778.929942091064,-627.4012575670793,-357.9193045210005
0.0,-107.76182656011633,-90.35731490946273,-977.4063072796723,-866.4866393113435,413.6053806839368,-660.9565856244267,-737.2461982770662
0.0,293.35161048687064,175.1061491360224,282.64675349579693,294.6252897480665,677.9940182509122,979.9163965224141,-15.385262441764326
0.0,-766.926033199242,-804.923712802194,272.93653659994925,515.698668234377,-669.851441747651,-924.9942789733705,-181.4326209284991
0.0,-722.2050106354117,-328.67917279555115,810.8567575522982,-443.2152207440687,43.3600369551873,-708.9166852540691,-81.05391380963692
0.0,906.8032164249855,-907.1546527213026,-401.0092725460652,0.12084490462086706,-148.7920809335983,26.81873393080855,-630.599040079298
0.0,720.1682664714242,-863.384578268,694.7449114415463,651.682779401862,175.89693921572166,176.15936148910282,181.85391248227938
0.0,-822.383998439133,652.2563804610957,863.7770157631544,-650.5600758644285,-577.3464333161858,-806.4214935128509,-612.3711421233504
0.0,134.8335911761676,641.568741773139,453.502891950111,963.779139551214,-561.9111814538724,-747.7325805967477,212.73884543285317
0.0,-145.89778910319978,774.0027898311264,942.8565600822442,-984.172328351999,103.19099505409463,-767.3055041707055,115.87007497339027
0.0,-219.8460270831415,-30.794271561682876,843.2453313381109,-959.570583157511,877.2930025289049,-40.807194071155436,832.7234797290464
0.0,-543.0415386629393,-513.5633640219775,-457.7222145514195,-240.86331700764356,-61.61594808677262,-104.35624407843375,364.39985620103175
0.0,-746.0825086311289,-758.4765219357588,-869.2117846211939,-373.0991912064454,412.52412393340865,444.10908690360407,244.45681784718113
0.0,207.4077489690876,445.46617065915257,929.535539271905,-739.2347323202368,-256.5170667915635,-254.0443836353561,-509.64539059116373
0.0,-711.9964613382886,-908.320446132657,-427.48089971388254,-208.61783428870683,808.7687186346498,447.7162084455497,-696.4210840063804
0.0,-497.06435912794467,-504.546615213898,-123.93189908694819,358.0457010519917,-114.77482605212867,-200.6982201841638,-467.18047778074606
0.0,353.03792319915146,-384.80566849803927,-25.061753355226642,685.0432983952267,469.7273124466383,358.2676558051162,841.7377506333323
0.0,-944.4643856650894,-706.8444110751198,392.5279611025114,-495.2337505855686,755.6870104741163,-941.6688961394366,250.66781172305718
0.0,70.69864845547136,-866.6945006689455,-68.8739587376217,218.30757414988693,173.70368630312964,658.4903929618515,870.9806047548002
0.0,472.59365106407313,719.5524261982341,480.07323182484083,-320.56294917839034,517.5048953884066,-262.9306931552262,442.49582619983926
0.0,339.70492036638393,35.07953809371293,147.5557511443833,72.91417439127099,-575.6492568452502,414.97252648633025,-491.7820203431647
0.0,970.6769868947404,-611.4075575443464,16.726247966697883,-122.57860889071083,-112.91528237328089,-184.53963213383997,649.5862165278613
0.0,-820.2883375065604,-741.8234989309487,-824.4357088036822,805.8046361021427,-51.81530534788203,-532.7539057854367,-121.27444660889307
0.0,524.0235836228651,-430.5034402092001,-378.57535522203193,-572.6569537311548,-167.7437060919376,-654.6240480766446,-649.7758612389821
0.0,-426.01049549859465,788.6941817414079,-784.5603696597141,-698.2804440549677,-673.3255464636292,-807.6858263488464,502.34789565256597
0.0,376.9814064221232,-419.11119478173805,-475.75078528429015,21.08837498425214,809.1694050731915,298.0047502885809,-723.0713028900943
0.0,-320.0015103237614,-472.2601003582996,-408.6875729591144,879.3601808374183,-807.7840187358049,-443.05946696310696,-702.9237262295403
0.0,-714.5577985991767,764.8213758502332,-493.91838558399235,23.508592392651735,243.82141130011132,-875.9642869125723,18.775626093930214
0.0,-974.8200608312895,167.15804685055127,-714.3325656644365,-221.42871564126222,668.4408216830664,353.03367321831865,-831.3044029593773
0.0,-475.40328942446024,607.240936350719,823.9804091759863,448.5241653051837,489.5879858931926,-233.07671905534494,-925.433989818004
0.0,838.0829861054449,645.479911172451,555.2774397455726,-776.7877344098818,1.535585655390264,243.10724292881264,983.4364876586628
0.0,-780.3464452374719,-503.76045144760815,-154.52465398211461,-256.35680631308276,-752.2547257833698,-471.6848962331253,759.7313915366667
0.0,209.3206174474749,11.85066004525197,73.70064921078915,241.82977376168742,468.9569789682116,-657.9931714980048,269.388903427865
0.0,-940.2850267505601,980.1924389821736,-220.992902054429,-50.56820336962892,413.83932667996487,400.70115978257945,645.7798525884286
0.0,152.06607935898478,-36.599360218383595,-443.75554166811696,946.1288528680968,-485.3116539910136,59.37800285707203,104.3120597250022
0.0,88.12300312645107,-411.577129415366,675.5713209907078,433.4586735062171,-722.4123755940491,696.0370106355526,270.9323049774616
0.0,303.61371931476424,68.93458293592653,122.04554780550893,-912.3484295144915,-770.7366714832957,-479.24884166409186,-707.0579519350058
0.0,-252.59235942785358,-357.7907379005359,727.8660672988515,201.72081233470112,-749.2943649908175,996.8782035833219,-145.35698480703422
0.0,-237.4591164166335,159.619721100913,131.3033640316362,379.67093382901703,162.6506567373201,-222.53241315538048,-712.8188507640211
0.0,-885.3792088906575,42.519387497258776,-990.2433227800964,-91.57093536196487,-658.5024896084924,-220.29540767324534,-581.5208163815428
0.0,870.8883706559488,594.8381530057814,-915.0882399022422,-995.9508462529876,-719.2540896699538,-518.9509479241649,-720.9158651761767
0.0,459.7581948498623,-334.39713020342765,289.81572318111694,419.31875541608724,518.4623186262936,285.73754555928645,-579.0383850146623
0.0,304.35208727184613,-172.89614124814693,970.3990907361581,137.76783463658126,701.4855953554677,857.6012582825231,-97.3700413892276
0.0,-739.6607732813065,-261.8135734640763,-571.9396987724306,-40.313609489564215,453.928807815701,427.7563760105186,871.4514358581885
0.0,-367.16952373081097,-839.9086936659157,329.41699519494045,-906.05275426536,-328.866388097905,462.7364063498328,166.93817874269325
0.0,477.7004620978903,-947.6659238020582,657.6931652778851,-149.94068625817363,-589.1605209252668,-307.92258086046377,888.8242221486296
0.0,-27.82870450802193,-204.25298177643492,530.20418392229,135.63414630307193,-517.471418043991,-808.9040583197107,708.9333795926593
0.0,-702.0493929667402,245.08839288114086,752.3087191000391,-338.8470179904068,220.51876448395456,-816.8601957644299,83.5666263066089
0.0,-107.01871993269708,-6.897613970634097,-27.256553091286946,-801.5669921169033,-680.4732150257012,-814.6663040231788,-866.7744247696356
0.0,-963.8174712275394,548.1224671620218,-324.88306092491223,639.661022552483,-770.8947772454426,-58.23148333962024,-342.4328627953597
0.0,465.203933005331,696.9822945511642,585.3040110150826,530.2221247061668,-430.5619604255895,962.1273316269851,356.3995534821497
0.0,604.2978078807314,-330.9756354227576,-760.0531817345209,-396.4992171043468,-111.86109417969487,-373.10572671128807,340.5043611644712
0.0,-477.99691303540044,-911.2331971583576,-269.4591861731692,-130.56300374046464,-37.98493436866488,968.0772123460652,361.60931629797074
0.0,406.0275855551604,-531.774818966868,350.4108959979458,87.78621694170783,-276.5331566667668,-919.9163216698627,-643.5304413710471
0.0,93.84918251298427,604.9913082347794,-628.1062664701462,677.4181886230281,-185.66126239561004,-90.8716481660357,-708.6035936169551
0.0,891.4832574302397,-498.07270359639523,705.3370546096107,406.35498670595234,-455.97491789062406,-380.6508354924349,-509.9624506058558
0.0,-433.6655895700669,-645.8644244813696,-729.1096987018832,962.4546987474155,576.548626425332,50.7489816390962,714.4919505813682
0.0,-928.801270030605,774.1377299136609,676.9478082517296,730.1184880562414,-27.077230774039663,910.8262878585997,266.1140193361466
0.0,505.4023468065923,362.8081803325756,-6.939714829741206,358.98322499952315,725.2259400084183,-693.3092254075133,477.38564414940925
0.0,-955.8224074783803,62.57630115876668,636.9605167804812,16.103707853542915,-162.62976515230457,-782.581852365541,549.4387623315713
0.0,-267.9266808197342,-531.5660657987933,-728.306396869355,38.97512535466831,-87.95873344263657,652.4754884950758,-918.6435534698913
0.0,-632.8458684519511,836.6542789028883,908.1545414574314,708.5107894622513,176.37825347120997,-10.332163484488433,40.098751939235854
0.0,602.9843330790884,255.5854235425204,124.43582879339738,-436.83813247671037,83.29934881299823,4.249592829150856,122.94382646725421
0.0,-630.320734362789,-390.297429070583,869.3257869257293,-227.98933790680871,-696.0829663188233,544.7787597850186,387.3348918919173
0.0,20.67740240297701,777.4001174307546,-373.00957575236055,278.19885834496677,-583.9694358436673,119.21963841943511,-631.8649558173265
0.0,137.32805679646458,402.6978077978549,-346.5244818255982,-780.8108236492694,954.6473946160386,-885.8673459756499,808.6596090369314
0.0,352.58448877599676,-15.243132485676824,994.4021689537817,557.2771948063885,-29.336732891620272,-866.2224862011101,-826.9091301946585
0.0,-917.9947678037641,34.24775001889384,-6.0869117372861865,-574.0641194650113,366.2830594260647,-508.2506677356653,-776.0885715527679
0.0,-49.155792104250736,-248.35626117337335,948.1271391694736,-112.75422424489227,922.8124329435527,-202.92425874291723,567.5690067965884
0.0,-947.5765529594676,-308.86020605921624,-922.2111502110615,211.4571656778976,433.5679882080467,-458.68485008928394,-628.8338290795077
0.0,-771.9194200992328,-474.6648106129463,813.3144792787823,898.9880446939517,-619.4748828726175,928.7214746181387,440.85154214108525
0.0,-918.0668891890186,81.60917339118032,-247.7453550125049,412.4033945095721,-535.3685361670903,408.6111833350651,390.81535142007033
0.0,578.0571473860102,-360.9063570440844,440.8103412303026,-656.0876580240617,-895.5987387819599,-768.7903519034343,-363.15103924366633
0.0,-279.09085616117864,-727.3038190719549,-612.0236583574565,332.75638986222975,12.499822587921813,584.3795798049061,-653.2119866785573
0.0,606.6026188587707,-660.0283608837669,-553.6808466909674,228.9261696548258,-443.7134693449001,-205.70981890837834,710.2665865004162
0.0,967.0702173799411,-201.8319573248208,821.2605577532227,563.6478148294514,858.5984025879088,-917.9013048514413,444.70647545189354
0.0,-246.65990039010182,204.89275497234598,-347.6289018931453,-623.1251424195032,220.59440970880678,-487.75078539667777,752.5831870356535
0.0,-541.1101558932376,528.5633832129927,-392.5529733834521,-677.8892756490353,-375.7115483191982,-929.9251272114955,679.1316426453309
0.0,960.1035962576764,493.0860999935546,899.5723826900974,-726.6807734416059,-93.17919952508919,337.85439633257715,-585.4922806099407
0.0,833.3767277913469,82.15274581533686,-987.9128877350682,-606.0503873230814,-225.1839219712757,440.917532575482,-167.95581792321923
0.0,60.84273950121678,480.11443530777115,-501.9082451251928,243.85371152125663,949.7685166138378,-589.0025500165177,-463.13252208216625
0.0,-948.7733855462596,-187.69465866978385,-977.8027545849596,-146.62904001771346,166.32903011963822,-591.9919630392219,24.37725402164915
0.0,839.0892684114813,558.9488871310564,-119.90056880836937,-656.6719271640553,-164.20048497114112,-423.297146539873,-49.068807494437465
0.0,678.1467567955772,358.31135524491174,49.66755122731888,835.6498822595606,-842.1392832831731,-256.4124212536781,-662.9032192865841
0.0,-842.3556507252747,283.34045511833415,-335.17519604573783,78.05058894875583,-474.3033639986098,-833.2846913056073,-760.4705050114194
0.0,165.57487270509841,-877.9879952311569,-541.1432499191183,-387.3415830921374,-76.41536834780038,687.5291620306182,402.6891569493214
0.0,-130.47440741813102,-5.7706846306969055,439.03662068715334,893.5890659491306,18.46747275005157,213.2254418422408,-907.699859387412
0.0,450.9146304279518,808.297250975668,-404.77878340227096,-96.91705117238075,-588.6932133244904,-877.5899864695116,-745.5346870763353
0.0,-479.5523885520307,300.51003213928084,610.2012720672792,84.8920193463664,187.55095271845994,-122.6678169237199,258.3310799468252
0.0,118.75629900327749,151.7100785323721,905.0783188967632,589.7594897711779,-935.7537774413198,707.0597606538008,43.438424085021325
0.0,206.5787114515033,565.0993512270088,-84.11655003714839,-800.4118324817664,773.3442769426374,-514.3454698952947,647.194071421565
0.0,728.8441922752336,632.9039346005477,-770.0746429172029,-614.7070623831114,154.24806869858594,638.6668486238086,-988.6627914599416
0.0,-229.81553642469123,121.01537041088591,109.34181292608491,-700.7509715246747,-530.9009884367683,454.67555175397933,709.6870007827647
0.0,-291.0258595453232,-863.8649436540458,269.8608502299851,-418.20988807036247,-248.82706667363675,-721.6101570692674,811.3836255928775
0.0,-863.1993019281322,226.580970540512,-227.06604596341379,956.5040991994008,-849.2313911990774,17.269262529150865,-282.1409641135964
0.0,-976.9389050698271,-115.20902818685158,314.17098642487736,-362.9402265455948,187.47595561359822,5.655223610644384,-426.54232466454255
0.0,478.1562458928104,28.06900247202293,97.6151819509655,-773.2701799281015,-586.2102858580722,-658.486511472006,498.56207375456484
0.0,-21.692147778413073,574.2246342952906,-629.5077620103184,770.8641977163174,139.57495271494827,101.77610963667576,-31.06917643888437
0.0,642.3762032225993,139.463946793197,475.90772466441285,640.2219827260128,968.9534199857769,142.49389040492838,-290.90864414107637
0.0,590.9534718600553,-191.1730558809694,-160.82614830577052,-470.6873721081495,-984.8519130524977,-249.031421892161,-914.742215011579
0.0,447.8134584370348,-362.79212118579585,-854.7927784529978,-292.5945666885883,376.9858794217157,-227.76679457555747,-251.3132702837064
0.0,-407.55177368901036,-515.8296180998418,-34.786598684374326,-32.97212410429506,442.400150716745,691.5660363138472,184.75496422081005
0.0,898.2130426022404,-33.16975677105779,-499.9606059168591,-630.7883234767176,-512.6375688362508,226.56117479180625,-211.4390840107609
0.0,532.2855439401135,184.76228619574886,196.41444291074276,944.518602538104,108.4325835526281,84.41834514168568,481.76909512191037
0.0,251.08076276458792,167.7047031481775,-443.6574746572237,-810.1686021876011,-924.7283156992978,388.9270127650534,-419.53018836467254
0.0,479.00179395340524,-630.2045360610475,-282.7774867861466,22.97718975290536,-442.58272515882015,69.71427115682559,841.9345339183287
0.0,131.4463508606907,-152.44193401337998,-492.85794985953225,-409.99487279491836,-510.2239439645857,-469.9821011834508,951.9907173403503
0.0,-212.20980957471158,-259.00161289052085,-839.6100303406301,-400.2104086670504,-76.10628277163835,192.10854641021297,-599.2608695511221
0.0,-252.05219522704556,8.74677821479122,647.7701520492449,-816.2382391248703,-391.9933666796114,-52.0117258679262,-242.17009023241928
0.0,-2.463233485097362,708.4743401318431,536.6558668124221,-401.67350809823586,273.24501785894677,236.84714836400872,-926.8518437893607
0.0,-382.03584809196695,-579.5147572018393,20.547108937087614,671.3630879764521,208.14515816073163,-162.94044207989077,916.7891080365796
0.0,618.37724930377,698.4903304984914,-424.3040354596832,-421.08752451344935,769.0392693830916,664.0278991634179,506.7394552902974
0.0,-692.1175900519647,447.64687449978965,475.86583005963735,-165.88307900149732,-481.6801199457477,848.1848344490434,890.5496024782226
0.0,575.9217171385583,-607.1626022861165,-962.2962458430766,-712.3365138615387,-872.9301403664582,526.2252217573646,776.7748424323386
0.0,-890.3775059182979,408.0995051231746,-449.27033221618865,620.32546505386,598.8235843251091,871.2349613016961,-717.0039556879277
0.0,832.948710919519,-210.72102693296517,-158.53576970914094,603.6808700381223,-988.8558362682058,920.5284444124231,-634.3759261874804
0.0,-112.01241595342753,-802.113530447448,23.97454943871537,-449.8238018057117,-431.9901984125938,709.979281321348,-978.0839977622721
0.0,43.37039896511919,-52.47508558287086,-499.798774346486,264.93976687305826,-511.15225561301634,64.73409295123929,-844.9714534258212
0.0,-736.3848512397462,854.8250771776491,-123.18639745863868,-50.18269973874817,-910.3372017642108,-84.31067665344494,-876.0890217966784
0.0,-713.4990420643999,-324.4603920732254,-423.8530762945312,-271.4948856320341,-164.92539707325,-7.1959213478927495,841.3106695543449
0.0,-822.0888908612928,847.3342096642666,-326.7929020650471,-426.5388124055605,-394.04429580489045,667.2819003851309,-65.8832841426713
0.0,-982.8913776273929,-181.0100420281948,-899.2287905820172,-253.97122150133362,476.5868365333374,-567.1428116475872,-438.70391486235064
0.0,-94.61925640311449,407.33534619339525,768.5278039916461,-888.4818432746342,268.09848518456806,-586.8538075083923,703.3636817907127
0.0,940.7663207928522,-103.3766800094262,-115.3806229392178,-339.4514461821425,-633.8500739353378,-336.23378681568397,754.7346467953225
0.0,830.3404618050031,151.15469983105982,-863.6580710647943,-761.8836240735454,-641.2898353420362,367.0833083779469,-377.80053745856446
0.0,-17.64535007710697,-552.1965764308075,-897.8583027596385,36.545132116400055,774.7818781199878,-861.2798669918768,-729.7506499141526
0.0,561.8591309287033,-908.6104087829359,-491.63417628261686,-81.80989324906295,-439.38725336100765,-51.44995848292467,-29.69730879656595
0.0,-288.71066617850397,-669.8833382383078,425.6522326578465,-622.0494150451157,18.846278228083406,3.504515071164292,-882.4776855010718
0.0,10.476135638477217,-459.09277008849836,826.6334279554219,816.8778056266749,992.959454440914,-287.8393113718664,531.7131579754387
0.0,-184.72993038248944,188.25197901614615,32.347773058042094,-82.89319293705694,965.6426532961905,503.15553854184236,-239.66830340429965
0.0,22.647075035302464,-825.2103307694374,143.91190183904905,-566.229846982377,-980.4724717112996,76.73204619928606,848.5569228273423
0.0,571.8832849307394,304.70538404218564,-131.19205071683382,-34.0965012812386,863.2303129381562,754.3670366285085,-890.2651777419075
0.0,169.93319314018754,-697.5700786733519,-399.5344842716951,-726.0580260291249,975.5460486076402,47.0013842902481,-202.68599864084536
0.0,947.2422321408828,-20.394104967081034,530.8232089416265,-881.8563087587827,-780.5353949402661,334.91094578784987,396.10100870029146
0.0,-284.1968339886762,24.14158980264824,-104.47952014066811,131.95310907251883,-285.192110905659,-877.4207612550969,-297.96068879628797
0.0,-945.0851841641731,356.54173438574344,969.3986021732233,923.2921598270302,-234.60653340734154,-316.6712054561385,-165.86053025816125
0.0,111.1229735219647,-32.84270569215448,-610.191192792338,-157.48947643860504,-706.3442862533593,93.0966485565391,-695.4426268554821
0.0,823.9196293251048,-184.09600916078818,-120.87430752441674,245.49659760058694,-88.05248018529244,647.1180986231061,-690.7048977160138
0.0,62.26944219607117,941.6369158466377,-289.7036245908406,460.217915048582,822.1708985711296,-855.8003426335481,550.4147364660844
0.0,-315.4432042831039,926.5354479679313,-726.5252692362154,492.588464944233,-158.6884603340029,298.5368885503906,-621.9395575291821
0.0,-496.9452181635028,822.8272744221892,314.1248173520007,-717.5075381859839,394.61943302259806,-491.86345110261607,-590.9683720471896
0.0,-378.00370410338076,-134.88575252501175,-295.07161135345575,-492.7008890454856,-199.8397413455848,-707.5501648658749,-994.5930612629547
0.0,106.13620950056725,-257.45128813051997,-139.5954313841305,595.4419124747037,434.18848485604985,400.3907857128015,250.63347764810396
0.0,682.4806993722543,92.91794643959884,47.35928910645475,-479.7526443134499,33.45438385375587,997.1956318846612,783.7587767588759
0.0,898.0142500908123,-393.44401500739207,184.3360630451914,641.3883151688874,107.74361467652034,-8.425494746771733,567.3543500286119
0.0,-964.0379830785644,-112.43505902466768,20.933841557101232,553.3793825315506,59.68836240624819,-348.93467259161514,-231.8575016879072
0.0,337.75062340700583,-302.85490877725056,-197.16716621248236,-828.339229551255,-719.6332220257309,46.12219722175314,-674.2742972682591
0.0,625.6034932141147,-828.9864438836951,243.0178177055543,597.7877771619449,-690.3751811697111,-413.6694389531282,-117.08227423836263
0.0,233.2438534637945,-811.1957067276923,-787.7306249258343,-329.094863650059,-827.1747926647206,831.3845134371766,251.3050828216451
0.0,-905.5060525365221,496.7022994726208,-254.78022578096943,998.7475168598667,-295.142929330745,196.9659074164283,310.75036406881713
0.0,-562.3933076013036,-837.8644446026773,530.6490238216209,18.228559735781005,649.9424533956728,-4.090872697523309,-670.2670878304314
0.0,818.1842526018411,821.0362170182837,141.89365969568757,283.2900948245806,502.56676426320837,442.1178387060579,-481.13969525236814
0.0,808.6444960666906,-526.3882935850072,-337.2367754611703,-85.98286412545747,-727.5470566420645,-908.2646449408201,-214.5092364416363
0.0,928.3722508619428,595.7215728226122,-481.5065427632861,454.7631332541523,323.4592967333633,-444.4449358095733,-310.2471310765537
0.0,-116.43141658381228,76.41064182324249,-673.5044024196086,-998.8678917654092,527.0296226630228,235.62565339074217,32.526287783332464
0.0,-94.71969194951237,-428.2277263328025,-515.7821752253858,-431.36229511101874,353.98156165533965,343.96875843694056,-75.14375408318358
0.0,596.2416091719435,-499.4952163669082,-997.6432126595445,290.08492867502355,-681.7022756578073,328.03271533595125,-902.6308117181843
0.0,-390.0244080411843,677.5426264704472,819.1409154402224,-696.699296667846,-97.74904098368143,-786.0847569476098,-711.6789362711413
0.0,990.7975372745177,41.37391818420724,-385.34124480856224,531.3652955446375,-76.63833916473118,669.9197411870414,883.4070372953986
0.0,877.2733514964539,-875.9531459433181,657.7730489253854,-850.3775124700563,668.3959606700953,-916.1012191277554,909.9861116460174
0.0,-752.102617995743,410.74674303908296,-794.9876232687492,914.2738783454652,306.87044298525166,326.0747718504306,-10.993067585648419
0.0,370.06028145469827,25.918333283624634,102.68363156826467,838.15511353836,410.2845578585079,-171.0275280566633,875.0293542970098
0.0,-218.43248921289796,-229.56976494328683,154.44026445802933,332.3881111141002,588.8849426796367,-421.14277098038497,469.1931952718244
0.0,-98.72579354933976,-905.800421593139,608.8094934403998,-116.20187632330726,160.317412063461,-284.1000655579404,-967.2573471120485
0.0,978.7256696802244,352.81704608686846,-8.098853166485583,213.65906596179366,-128.9456733573253,333.91205147388314,368.71934698636665
0.0,785.8948869958667,-81.6654633536848,167.98263140843574,-475.8810589536795,605.6217127284067,277.9717195135968,-809.3350517468365
0.0,-436.4589295883718,948.1647023181513,-665.529973875846,-639.5628310939168,137.28740590614325,547.2807117123539,281.4101119992024
0.0,-320.51904251086444,-507.4942456040792,345.78049463801904,744.356685143274,-144.73770686392152,-73.38612350056394,96.02377955813517
0.0,-668.2076631449079,608.5234280491902,-204.40318161637333,-494.3962244253821,-862.1428343418678,54.512491665107746,-141.5939887144666
0.0,815.8736507676911,-476.1375529022325,-676.2318988547802,840.5325714837472,51.069603412573315,-410.7713335008933,458.1053658639262
0.0,-638.4402265420467,-325.90260021218364,600.6875380955214,886.9616437736038,-161.67743175241856,534.2909371888679,-373.4070998144075
0.0,501.6401583300833,111.72428160331401,739.9714911712699,-524.7779543454993,-45.20172101246601,416.4300750879761,-978.3230761081556
0.0,243.9282235032474,-995.0168616603665,635.7979992434423,-922.8397084833175,77.05218135382279,962.7635376029791,235.78611716699334
0.0,751.9699355985292,288.0580067461358,415.54761643809616,45.99363384758044,-843.6852382455488,-14.673778707084125,915.0835894048425
0.0,437.0018734707651,750.0862822200411,93.54293681097465,-914.486053108767,-900.6160412974396,-41.74467070183914,-568.508157122328
0.0,-51.81348389106802,-89.0714350398722,395.6628847274758,-921.3431400836345,-654.806229739911,219.396424128842,-636.537199982727
0.0,-897.3869075357768,-193.9946868819518,-109.46642065735921,806.7087779433068,215.73517746046082,-757.8070132573769,-868.7242367141621
0.0,584.9797412441294,-173.28719212863143,336.77820060162753,521.4734483500995,-177.374565864161,-634.6355440819618,270.6226907120058
0.0,-285.6224040051893,316.70150142721286,-109.01270022890697,620.0613525575261,805.1139815307083,-649.5022765867702,76.32716487096468
0.0,-35.5725786374461,-869.8143938339597,766.5709658085016,-871.425021966705,904.9251887259886,-104.80555227439447,717.126510639366
0.0,798.2341267712209,-12.211262927545476,921.8939352080797,-385.5110883546415,-84.13786684159732,330.5176261996314,625.1459212389898
0.0,-69.86477562549624,-104.77060360698204,-251.43099550531758,185.11905325424573,-229.81807636151302,983.0171637271606,-990.0795596772292
0.0,-724.5051784680666,226.34895483800597,411.6745573269375,977.571430528518,-969.1441318327417,561.3637656409846,-891.665518329998
0.0,-808.1962001479266,628.0648950320608,-212.2213615289785,709.3103591009944,506.91973460019426,805.8214240778275,67.91508053876328
0.0,-701.2691059745617,621.5334795800293,331.49272856572566,-162.19753413145213,289.13520895048987,605.7775950663608,107.87844523961212
0.0,866.7699880199616,-942.2591260594746,798.1635346376302,519.1540321518435,-925.2016149721412,-873.9527837834928,46.64186976555857
0.0,886.0658771265153,128.42600787480455,-698.7754823245425,976.4407072517506,-218.1000715603965,-650.1167126571987,70.57331450315883
0.0,979.948777365682,-877.5105257548714,-694.6540216292802,59.87348845621409,-825.8543021416968,810.9724189024271,385.61377332113534
0.0,429.6725169873382,-823.0823759627249,107.69845389802344,948.983938946782,90.27627870588253,37.65572262961291,-271.6362973971916
0.0,-965.8243091801553,965.3606843255027,676.8550961049245,-683.856530498276,203.72520310112623,-157.75731479984347,-350.7096591409113
0.0,841.2431610452327,-547.092692238951,-587.2223751500701,-806.5883309632256,-238.5741579007896,-67.49330696516688,761.9405008594711
0.0,-233.26860671830877,-306.05026672598524,758.4896262136244,-420.4630820399582,793.3462728349864,-251.4749724186487,-394.25005860605825
0.0,926.1499376880254,-310.6335505741871,-585.9643127306797,595.0659214818884,246.10962763292196,358.99075997572754,406.82291261107207
0.0,-127.49810483237047,524.5759491642907,499.8914022438282,631.8481749576977,594.8328871361352,-279.66129515421767,628.7487219214572
0.0,-96.07932356996037,269.0710439852012,-406.6169105008996,-586.6368363160326,335.28242498315285,-91.64884669532228,-950.0311642702246
0.0,-74.35751591962037,512.2419463915978,155.8157560735799,-251.56732001732803,-403.7765718453629,-761.5592415955921,-675.5788733737245
0.0,-647.9510377374946,-19.218090955358775,-939.5353396649734,111.67908160960565,40.38309332796439,32.68129268919233,191.45601174773196
0.0,331.73189174567256,650.7576746951686,599.5704944912491,-571.3893281344665,483.0478341355483,-615.274370814767,-380.9914403164428
0.0,-649.5396924483374,867.5635467251122,318.36172236629864,606.5099037135626,-946.3972545490709,950.4015217842673,-547.5007016942808
0.0,313.7269393684744,-944.7507199161746,-966.7408823292716,151.87932045699745,874.302427644564,-731.2843837951224,-553.7883535934416
0.0,-143.62030577247629,-414.61680764389723,383.4402306733532,485.0046618933802,-97.25705526708771,147.95995142076663,594.0876210696574
0.0,-165.65985027161048,-285.5081675507847,930.8351310468265,-995.0960803722282,-885.9713011671937,-865.3273489760909,-966.0685426075269
0.0,330.69979595791597,-630.2255215701043,338.9020481629266,-72.20099243160053,543.2611188792159,-919.7723405562049,-130.73365525660745
0.0,-836.2580081147428,-547.5622354235214,306.1858973959511,-479.96545466670136,517.5089194148954,916.7279150547561,-914.6334206571618
0.0,992.4312260756783,488.29191292503856,498.25982850993364,126.14819374296621,70.88898210672028,-936.329766608684,232.1009024561913
0.0,-107.90791266506506,891.7010067043684,-581.4244664449702,-291.05440174715545,-323.4525856212549,-747.2941817923916,232.41537807103396
0.0,-966.6639062771674,190.4614606684288,-92.55338952962336,-161.91247733791124,-158.02734371765587,-815.1445130985817,-115.02107601614057
0.0,323.7135243693492,-401.4616982661954,371.9683985566371,-585.9493768426449,-421.78136419555585,111.4351352988358,-780.5428843124251
0.0,14.006968263937665,-143.68830629105253,473.13845956759087,37.9145688060953,352.84950934087306,626.3192106889564,-74.68226442979687
0.0,770.6939386917843,348.3741245819067,-569.1666242175621,967.1194130747185,-730.2079882140247,727.4347872994836,472.3796582716632
0.0,138.51252523940866,-518.8220436506281,930.1488583072341,447.0562963384691,301.79094493343155,-171.52501855683352,-741.0147753521151
0.0,-464.2675891794022,-393.3502500804526,-349.3594627599215,70.20388918511162,-890.1983375797773,806.8927791028668,509.74736150756644
0.0,698.0766441930875,900.7107377763123,-374.8504334084341,381.0923005291452,-599.4694443661895,10.019875157315028,-921.1633744770103
0.0,142.85895996716317,-829.4753555814933,780.6910594081462,-284.4280022987342,279.58096943267014,-285.6608250239292,-196.34722687349176
0.0,671.039511326999,-810.5431029564547,323.20749894396727,-256.0844605372397,300.42442994676367,880.4155964254776,226.4170076603989
0.0,-598.0360187424625,-34.92691957922432,-279.34551055488964,-936.872546543537,-151.75383898790722,-853.1358656230422,86.49037250358879
0.0,997.6680792348786,20.04774039807296,-256.709236873455,-60.96998149623903,788.585500802066,340.9862539627336,-425.26528650978037
0.0,-830.8331348706066,199.55784585881497,-899.5490887990636,777.8423767857641,-717.9092074559444,877.1101009582383,-431.325744042212
0.0,307.271797646981,711.4426461036544,-349.0351386757768,-583.3321370721881,404.4190365536765,564.0331743378529,852.6521152225077
0.0,-963.157142342987,-78.36883597872338,637.4778845315282,633.165994157737,-638.4703942934518,122.3601120412145,-43.68597955508278
0.0,156.7259239775983,-548.7089977839819,-240.19186759645424,-808.7997151528939,179.2790332238785,406.4804233014411,149.86105417882914
0.0,-421.6151279700415,695.2664190062708,-549.1330734461153,863.1370079990695,-659.7676230998975,-114.06455363176349,-508.30180721538153
0.0,743.473180712946,238.89956620941211,352.7328441031459,-695.74295485199,-245.71881210192691,32.47311636216614,-342.6819880663272
0.0,95.03258915744641,-266.36037669541304,533.7385041949633,228.47988090761737,-323.18115833672834,152.29992436592943,918.735768991517
0.0,386.9881882490681,-722.6110257737189,403.6742603307987,-388.24695594109323,-719.957275111881,478.70541793366874,-397.7991950618432
0.0,-563.9213353947108,-269.38749108579736,-839.6865931729683,-862.1462884593565,868.3302064028405,403.619079205283,629.8022957358521
0.0,-117.01805583545126,-177.39293463250135,-836.733148243928,77.1744479862839,858.9118252550163,187.99412198778737,-825.5954088826487
0.0,-169.47238241817013,-802.5139865424198,-846.4268408057744,-410.37814734285803,60.84621472827257,-589.3204037828141,223.8281389019819
0.0,-162.40278382424924,-583.6617845826247,71.05593360819944,-60.83064032323216,-162.59532682279132,975.1251886306511,554.0728404154772
0.0,-395.882884361235,-2.7234995242380364,565.3516685384739,90.04477942711787,866.5581161264779,400.6360772885739,-942.3096338066362
0.0,-743.8959257721535,-39.15546242060918,-120.75279947460444,-333.597923362472,-5.100927693531844,975.5851099861823,678.2774848864085
0.0,519.3978233441123,688.5659286547818,193.06705893942785,211.30058831401288,822.0067435240455,979.5879950191704,635.0978524333852
0.0,-566.7360722458811,41.03954912772588,721.5863759920055,604.4585649837215,-385.61013511389297,-141.62821194425862,351.8035616326258
0.0,-36.917971744991405,84.41621907324043,-86.18398654256328,236.79503981857806,75.08704969177688,786.0025875344388,-166.33811444605715
0.0,269.6765780095859,-592.3916646415039,-128.87602019862368,837.7798830687404,925.8372097046374,-503.4228778563237,-76.52924163111959
0.0,-21.242801164501884,646.1122308784682,163.1667329896984,22.05645314318724,-177.19372806071192,-956.2565805626205,-611.0243451838433
0.0,792.7043416631996,630.6827772894655,-449.41631482490686,298.37437013858903,-749.6308667700584,-960.9857257991625,-262.55869611456296
0.0,990.008507660338,-659.7140269253318,-887.9026102377046,160.0940668066155,-295.9080344859908,-644.5974680080919,-6.62756248506264
0.0,-380.71091200444766,-798.1173613423139,826.0366830584608,-767.1825517499389,-181.41895789407283,105.02082206396449,-487.80636317867084
